id,datum,pacient_prvni_zaznam,kum_pacient_prvni_zaznam,pocet_hosp,stav_bez_priznaku,stav_lehky,stav_stredni,stav_tezky,jip,kyslik,hfno,upv,ecmo,tezky_upv_ecmo,umrti,kum_umrti
55e3e595-3968-414f-b986-448545352bba,2020-03-01,,,,,,,,,,,,,,,
cce9ba44-fd78-4c59-a364-b8e2c5030505,2020-03-02,,,,,,,,,,,,,,,
f8e3f436-dd90-4807-a8b1-a526990ca639,2020-03-03,,,,,,,,,,,,,,,
97e578c6-66f7-4056-903f-792d336892f8,2020-03-04,,,,,,,,,,,,,,,
52f0820d-232f-4544-a6dd-fcfd6447c4d0,2020-03-05,,,,,,,,,,,,,,,
4fdc56d1-d3be-4a5e-a67a-f8fbacf1f377,2020-03-06,,,,,,,,,,,,,,,
563d76c7-bc3d-4043-9a21-dabf96ed536a,2020-03-07,,,,,,,,,,,,,,,
2aac45fb-3383-4e76-8d14-cff5230fe270,2020-03-08,,,,,,,,,,,,,,,
428c2f66-b2a7-4d22-b8cb-a8aa8c45b491,2020-03-09,,,,,,,,,,,,,,,
bfc60c60-b85f-4870-b871-92da7c833989,2020-03-10,,,,,,,,,,,,,,,
b0c3abfb-846f-4729-bc9a-0213928da8ac,2020-03-11,2,2,2,0,2,0,0,,0,0,0,0,,,
33b94022-7c74-4c71-894a-fead89f03756,2020-03-12,1,3,3,0,2,1,0,,0,0,0,0,,,
b28d319b-53b9-4b4b-b009-ebd7f3ec4982,2020-03-13,2,5,4,0,3,1,0,,0,0,0,0,,,
1a7cc25a-547d-40ea-b969-e035b62bee15,2020-03-14,1,6,4,1,3,0,0,,1,0,0,0,,,
f3de67d7-78f5-48d8-918d-16bdc82635dd,2020-03-15,2,8,6,1,5,0,0,,1,0,0,0,,,
bc8375bc-d12b-45fe-ba7f-d0bd2bedaf47,2020-03-16,14,22,19,3,8,6,2,3,4,0,2,1,2,,
3325cf0f-d908-404c-9a27-c46f3bcc1745,2020-03-17,31,53,49,7,24,13,5,7,8,0,4,1,5,,
7caeebb2-4ad8-4f63-b2d2-3186755d65a9,2020-03-18,5,58,50,7,25,12,6,9,10,0,4,1,6,,
0759e8b1-568b-4814-8958-387981fe3e81,2020-03-19,8,66,55,8,29,12,6,10,9,0,4,1,6,,
2cf3e521-7041-458a-8d93-76195b604cc5,2020-03-20,14,80,66,9,32,10,15,16,14,0,8,1,15,,
ff8e0644-19f2-4004-9e79-e73cbbbf2d01,2020-03-21,18,98,79,5,41,19,14,18,23,0,11,1,14,,
81c43f95-093a-4409-86cb-9475ec66a47e,2020-03-22,22,120,97,6,49,26,16,27,27,0,16,1,18,1,1
d772e52c-bed5-44bf-a40b-41694a5163f0,2020-03-23,26,146,117,7,54,34,22,31,31,0,19,1,22,,1
472747e0-12e1-44e8-a2a0-befdeabae3ad,2020-03-24,25,171,135,8,54,47,26,41,43,0,23,1,26,2,3
f6e83d50-f4c7-4359-8448-bcec748680f4,2020-03-25,47,218,175,8,55,77,35,54,61,0,26,1,36,5,8
800a544e-9640-43f5-806a-8b75ef26c467,2020-03-26,49,267,205,5,72,91,37,51,63,0,30,1,38,,8
255febc5-ceb0-48d3-913a-1cbcb762b155,2020-03-27,40,307,237,5,68,117,47,59,84,0,33,1,48,2,10
bed6589a-3790-4b0f-9111-aa014fc614ab,2020-03-28,45,352,271,10,85,120,56,63,98,0,37,1,57,4,14
a1938aae-7021-4686-9bc9-e449680ac08c,2020-03-29,28,380,282,11,103,115,53,61,98,0,37,2,53,5,19
62f022fd-5472-4b97-8b86-ca4a564ec6ad,2020-03-30,24,404,294,8,101,119,66,73,107,0,47,3,66,4,23
7d23271a-d03e-4bdf-a9a6-def99e31594f,2020-03-31,44,448,322,8,107,135,72,82,110,0,55,3,72,6,29
64872ea4-e2e1-42c0-826f-c1494582a99e,2020-04-01,45,493,345,12,121,138,74,88,104,0,59,4,74,7,36
f7f7c718-5155-4a3e-a84c-7adebd5a0a78,2020-04-02,39,532,351,15,125,135,76,87,102,0,65,2,76,5,41
8aff9303-e1ed-4111-a0a6-2514fa32caa0,2020-04-03,41,573,375,24,118,147,86,94,126,0,65,2,86,7,48
8861deb3-82aa-489f-8aeb-2d9085ff353b,2020-04-04,29,602,365,20,104,157,84,90,131,0,62,2,84,8,56
74d8c4af-3b69-4466-afca-d6c33e7b36f8,2020-04-05,25,627,371,19,112,158,82,91,138,0,62,2,82,8,64
dc4a2c8e-5f4a-4e43-906a-ed52301403a7,2020-04-06,38,665,395,24,121,163,87,96,133,0,65,2,88,8,72
2b077c24-81e5-4260-b8e2-ec9d08c54921,2020-04-07,42,707,413,34,117,162,100,102,137,0,64,2,100,8,80
793489f6-563c-4f07-ae93-3bcebd6d5496,2020-04-08,33,740,423,41,122,166,94,96,137,0,61,3,94,12,92
35803a76-0c59-475a-9cd5-cd4a6754052d,2020-04-09,36,776,417,47,115,159,96,94,136,0,64,3,96,9,101
e361c55b-dd54-4121-8543-48ec5165fe0a,2020-04-10,26,802,407,41,114,163,89,90,135,0,62,3,89,6,107
e04cbd5e-08b7-4a58-ac3d-4e30d2d8939f,2020-04-11,24,826,407,45,114,161,87,94,124,0,62,3,87,5,112
219c4b49-b3e3-4bde-9416-1417e2b0ca20,2020-04-12,16,842,402,39,108,155,100,99,142,0,63,3,100,6,118
815f73c0-dbab-4526-99c2-48b9e8c2d66d,2020-04-13,13,855,395,44,107,151,93,93,123,0,61,3,93,10,128
12c4d959-ab72-4377-96eb-1436e8caf609,2020-04-14,10,865,385,44,110,148,83,83,111,0,59,5,83,6,134
b2fb7cd2-bdab-4496-8736-b1aab95a88e0,2020-04-15,20,885,370,42,109,143,76,79,108,0,57,4,77,,134
cfba5a58-8638-4d4f-91cf-1d52982abb9c,2020-04-16,23,908,362,50,91,138,83,87,108,0,57,3,83,2,136
9d989b6b-3572-4e6a-9a07-d9f330f50d09,2020-04-17,25,933,355,43,95,137,80,86,109,0,56,3,81,7,143
6092565c-829e-44fa-a441-9455b0825683,2020-04-18,15,948,338,42,97,125,74,81,103,0,51,3,75,2,145
b9405354-fa30-4223-a64f-f5ae7579c430,2020-04-19,23,971,345,41,97,128,79,84,106,0,52,3,81,7,152
a7577ebc-d773-464e-8b18-f8c91ec994c1,2020-04-20,25,996,348,52,104,116,76,86,89,0,54,3,78,5,157
571d35f6-7a3a-40b4-98ec-c8403921907f,2020-04-21,40,1036,365,65,110,112,78,82,84,0,48,4,79,5,162
dd95279c-74f2-4935-a634-cb19cfe0b490,2020-04-22,16,1052,342,73,88,107,74,78,83,0,47,4,75,1,163
18234d51-2514-4410-9901-465d1f275f6f,2020-04-23,27,1079,335,70,92,95,78,75,82,0,45,4,78,4,167
11b0cddd-0d0b-4304-af71-8a7a951a151c,2020-04-24,20,1099,329,76,81,97,75,73,81,0,47,4,75,5,172
0f3328f8-6ef4-4b8b-8cc3-b835251b0d1a,2020-04-25,11,1110,314,73,73,97,71,69,74,0,43,4,71,4,176
5e7b5a34-4949-4721-b6af-55e261c1604d,2020-04-26,11,1121,310,71,79,88,72,67,71,0,45,4,72,1,177
7b8707e9-4d2d-40c0-9278-d0c14b903b78,2020-04-27,14,1135,309,76,74,91,68,68,74,0,45,3,68,1,178
ea800882-8409-4130-9c7a-cdcdf16930e1,2020-04-28,12,1147,305,73,81,83,68,61,66,0,42,3,68,4,182
64550a7c-5491-429d-bf93-5922cc13147c,2020-04-29,4,1151,286,63,83,78,62,60,65,0,42,2,64,5,187
93968fec-4806-419c-9fb8-1290fd862c4b,2020-04-30,19,1170,273,64,76,75,58,52,66,0,39,2,60,6,193
f779b9f8-ddce-4082-8685-788b0899af0d,2020-05-01,8,1178,244,48,70,73,53,46,64,0,35,1,55,6,199
8e7be2bd-6c46-4177-b7ec-f267a84c9638,2020-05-02,11,1189,233,52,62,70,49,47,58,0,32,1,50,1,200
1bacbfc6-b560-4ec2-a841-6ab56658e08d,2020-05-03,6,1195,232,62,62,59,49,45,53,0,31,1,50,1,201
5a24d9f6-bb33-4810-a15e-255acb00cb31,2020-05-04,11,1206,236,67,56,59,54,47,47,0,32,1,55,4,205
89aec74c-bf6e-4fee-b1af-6e023c6022c3,2020-05-05,12,1218,223,61,60,56,46,37,43,0,29,1,47,3,208
f2fab093-cad8-410b-966f-6ceddde06002,2020-05-06,4,1222,209,53,58,55,43,35,41,0,28,1,44,2,210
ad74903c-491b-42e1-a0e2-19f18edeed88,2020-05-07,10,1232,191,48,56,46,41,36,39,0,24,0,41,4,214
918cd289-0679-4c6f-ab43-bfe6c0e16b8c,2020-05-08,9,1241,185,44,55,43,43,40,41,0,27,0,44,5,219
3d3183d3-93f7-419a-99d1-907686235415,2020-05-09,6,1247,173,41,52,41,39,34,39,0,25,0,39,3,222
cd616af8-80a7-47e9-bb86-787db41fe552,2020-05-10,4,1251,167,35,53,40,39,34,38,0,24,0,39,2,224
b8a9a479-03aa-46b4-a394-7f6ae4603821,2020-05-11,5,1256,167,37,51,37,42,35,38,0,27,0,42,1,225
d514e6de-13b6-43b2-a193-3d1aba3d4ed6,2020-05-12,5,1261,157,35,47,35,40,32,40,0,25,0,40,2,227
88b00123-b306-4185-8023-aa7ba0d668cf,2020-05-13,7,1268,147,30,46,33,38,29,34,0,19,0,39,3,230
7c1a796c-da6f-43fd-a0af-aebc21d0b026,2020-05-14,5,1273,128,30,37,27,34,29,26,0,19,0,35,2,232
7c70efb3-b9cd-4ffa-9ce0-6434f2d42dd2,2020-05-15,3,1276,118,30,35,19,34,29,25,0,18,0,35,2,234
f0cabe95-3f58-4388-8e94-23913bc6468b,2020-05-16,3,1279,112,27,33,19,33,28,20,0,16,0,34,1,235
0e4e2ddc-67ed-405e-b850-b4e3b47958a6,2020-05-17,1,1280,110,24,30,22,34,28,24,0,17,0,35,2,237
3ca74989-be17-455e-b21e-4cf53ef49bfd,2020-05-18,9,1289,115,22,37,24,32,29,25,0,18,0,33,3,240
4b3270fc-2170-44b3-a438-8e0d38dce523,2020-05-19,4,1293,109,23,33,22,31,26,24,0,18,0,32,2,242
7c13b21a-e12d-4c7e-b7f7-4d7d3e8c7197,2020-05-20,5,1298,101,23,26,21,31,25,23,0,19,0,32,2,244
b276c585-59a3-4e08-ae8b-4c0785b33532,2020-05-21,7,1305,101,16,35,21,29,23,24,0,17,0,30,2,246
990eb47d-f55b-4209-8537-079d6a740117,2020-05-22,6,1311,98,19,32,23,24,17,16,0,14,0,25,2,248
978c784b-3137-44cc-af93-c2fb8189bdab,2020-05-23,4,1315,93,15,32,24,22,18,16,0,14,0,23,1,249
b0c6bf36-1d4c-4e42-a288-2e4a5e77ccb3,2020-05-24,5,1320,94,16,32,25,21,19,15,0,14,0,22,1,250
be94be0f-39f7-4242-be4b-6eeb9323cfef,2020-05-25,3,1323,91,15,31,26,19,18,14,0,12,0,20,1,251
0f6cd648-10ad-41d9-ae57-62a48d094620,2020-05-26,7,1330,91,18,27,31,15,16,15,0,10,0,16,,251
be85ed67-ca4c-4ded-86e2-db1f9c648fe1,2020-05-27,4,1334,86,15,27,29,15,16,17,0,10,0,17,,251
51838faa-c44e-4041-9686-0dd5b8e7883f,2020-05-28,4,1338,74,12,21,26,15,13,12,0,8,0,15,1,252
4034d47c-4268-46f3-a7d4-be0ca065cad3,2020-05-29,3,1341,71,11,20,25,15,12,14,0,9,0,15,,252
f1613640-7cf9-4c00-97e9-2d777863788b,2020-05-30,8,1349,72,19,18,23,12,12,12,0,7,0,12,,252
fb410fc3-f8bf-4b17-b374-a48d1be00314,2020-05-31,2,1351,70,20,18,20,12,11,13,0,7,0,12,,252
13901d4d-3a06-4f1c-be04-dc6eb3270753,2020-06-01,4,1355,73,20,22,18,13,11,12,0,6,0,13,1,253
fb281719-4c20-4374-a9e5-97c12a1bdd7f,2020-06-02,5,1360,75,21,23,20,11,9,11,0,6,0,11,1,254
4c903ebf-e8e8-4850-887a-135a9118a29c,2020-06-03,,1360,65,18,22,15,10,8,11,0,6,0,10,1,255
5d778672-0fdd-4c46-8fa5-5c9b28b42fe1,2020-06-04,4,1364,60,20,13,18,9,8,9,0,6,0,9,3,258
15bdc251-e3d8-4fa8-900f-e0e1bdfc9327,2020-06-05,9,1373,60,19,19,13,9,6,12,0,5,0,9,,258
4255d623-27cb-4641-808e-deb6b076cfc6,2020-06-06,4,1377,59,17,21,13,8,8,12,0,5,0,9,,258
c1bab8c5-e03b-4c6d-8dc0-9556509bbd85,2020-06-07,4,1381,61,18,21,12,10,9,12,0,6,0,10,1,259
2c2f9118-1c89-446c-92f3-1bae3a29770c,2020-06-08,1,1382,60,15,22,14,9,9,10,0,5,0,9,,259
f805db20-61da-4212-ac22-e1dd119305e5,2020-06-09,4,1386,63,13,22,19,9,11,12,0,5,0,9,1,260
ab95ec77-07cd-44d8-b307-31bd1c41b756,2020-06-10,6,1392,66,15,25,15,11,12,13,0,5,0,11,1,261
01018b05-632c-4d9d-9a40-703d9cf07415,2020-06-11,4,1396,65,17,20,16,12,10,15,0,4,0,12,1,262
9f3e3726-0d28-4294-a34f-561c7e90997a,2020-06-12,6,1402,69,16,24,18,11,11,17,0,5,0,11,,262
60cb044c-7761-445c-b3a3-0789991ff887,2020-06-13,4,1406,67,15,20,20,12,10,17,0,5,0,12,,262
88d0a924-1a60-4983-be23-1fb9775ce468,2020-06-14,5,1411,68,17,21,20,10,11,15,0,5,0,10,1,263
41f171da-4a9b-479d-ae68-4649828b55e3,2020-06-15,11,1422,77,24,24,20,9,8,16,0,3,0,9,1,264
f0d97f0f-8e6c-4247-8ec8-82666405cae5,2020-06-16,6,1428,78,22,28,20,8,4,14,0,2,0,8,1,265
3dcb3245-922d-498f-bab4-7c705f14bda4,2020-06-17,7,1435,84,26,28,23,7,6,13,0,3,0,8,1,266
41442bd0-2239-43df-ad59-54802f97a70c,2020-06-18,7,1442,83,27,24,22,10,8,11,0,4,0,10,1,267
89646368-2b03-4ac2-a220-065742ee2108,2020-06-19,7,1449,82,27,23,24,8,7,9,0,5,0,8,,267
2cae47b7-1ba6-4fe5-8fc4-d206647caf8d,2020-06-20,6,1455,80,28,21,22,9,7,10,0,5,0,9,,267
9ace0981-160d-46a8-8d9f-8b9726b590a2,2020-06-21,2,1457,74,21,19,25,9,9,10,0,6,0,9,1,268
4cea8041-5032-4a04-b8f8-093135a05529,2020-06-22,3,1460,75,21,20,25,9,9,9,0,6,0,9,1,269
a673b1bd-6d2b-4989-b65d-8d536f317b97,2020-06-23,6,1466,77,21,19,28,9,6,14,0,4,0,9,,269
baf255c5-792d-4bb9-ab2f-e3016d3bcd80,2020-06-24,7,1473,77,15,21,28,13,7,10,0,5,0,13,4,273
e61c98c6-7131-4cc6-9bd7-6fff4bd28abf,2020-06-25,1,1474,66,11,18,25,12,9,14,0,5,0,12,,273
7e2e0f07-acdd-4e92-88b5-655f39e2f23a,2020-06-26,5,1479,64,12,15,26,11,8,18,0,4,0,11,1,274
4dee632f-258d-49c0-b556-dde676ecaf44,2020-06-27,4,1483,61,10,13,27,11,9,23,0,2,0,11,,274
327bf7be-1d7d-4ef0-a7eb-232567047548,2020-06-28,7,1490,66,11,14,28,13,10,24,0,4,0,14,,274
fbc1454c-94c0-4ddd-b7ce-5c7ebad76f4a,2020-06-29,5,1495,69,13,13,32,11,10,26,0,4,0,11,,274
ed15b07f-57a5-45f5-bd03-df057dc5eda7,2020-06-30,4,1499,71,15,12,33,11,8,27,0,4,0,11,1,275
1626412b-28c3-4bee-9b64-dbf10e523ea2,2020-07-01,10,1509,75,15,18,32,10,10,28,0,4,0,10,,275
84f92282-4e18-4295-9908-bd27a51ca9e6,2020-07-02,4,1513,72,11,22,28,11,10,28,0,3,0,11,1,276
10f760b7-04ef-46df-9fec-d2d0efb4ab06,2020-07-03,7,1520,71,13,22,25,11,11,28,0,3,0,11,,276
b265898c-4a5c-4d58-a560-7b633a5f9dca,2020-07-04,3,1523,70,15,20,22,13,11,29,0,4,0,13,2,278
4cba2afe-229e-461d-aaae-9f35478889e6,2020-07-05,9,1532,73,14,24,22,13,13,24,0,6,1,13,2,280
39407840-84a1-42e3-a103-59f8648a3a81,2020-07-06,2,1534,69,11,25,23,10,11,22,0,5,1,10,1,281
820ad535-4550-4346-8291-32e32c1adafd,2020-07-07,10,1544,77,14,28,24,11,13,24,0,7,1,11,,281
5be55412-aaf4-4833-aa21-96f49f29c515,2020-07-08,10,1554,85,17,29,29,10,14,30,0,6,1,10,,281
ab05a09c-d65b-4208-954d-0c7da3b19185,2020-07-09,5,1559,73,10,25,23,15,15,25,0,8,1,15,1,282
fb8a9040-3918-48bc-8948-2cf1410bfcab,2020-07-10,5,1564,69,12,18,24,15,15,27,0,9,1,15,,282
484184c7-19b0-4c85-977d-4de9e3897b99,2020-07-11,3,1567,64,11,18,21,14,13,26,0,10,0,14,,282
20beaa92-89d9-46ef-9f4b-3209429da52d,2020-07-12,3,1570,65,8,20,22,15,14,28,0,11,0,15,,282
95356f57-3284-4307-8370-274dd15c6381,2020-07-13,8,1578,71,7,23,22,19,14,32,0,11,1,19,1,283
860fe8f6-8e02-469e-9648-dbef45190ed6,2020-07-14,2,1580,71,7,25,22,17,13,34,0,11,1,17,1,284
c84d3a09-ac9b-4de8-a89a-e415c488f525,2020-07-15,13,1593,80,13,28,22,17,12,31,0,11,1,17,,284
1a247332-322d-4544-95f0-88acf6480e24,2020-07-16,5,1598,76,15,20,20,21,14,34,0,12,2,21,,284
e26429d6-89b2-48f6-9f2c-ef25182345dd,2020-07-17,6,1604,74,11,22,21,20,13,34,0,11,2,20,2,286
5a42742b-72cb-47c9-8408-5bc3ca0c8082,2020-07-18,8,1612,74,14,23,18,19,12,33,0,11,1,19,,286
8565b9cf-8c03-49e2-b2de-e5b31bdcc35f,2020-07-19,4,1616,74,11,24,20,19,14,34,0,12,2,19,1,287
3944a86e-9ba7-4608-94e3-73baed65ae46,2020-07-20,3,1619,71,12,25,16,18,14,30,0,11,2,18,,287
85f77cc3-54d6-47d1-ae40-b208b06d3b9d,2020-07-21,10,1629,78,16,22,18,22,13,30,0,10,2,22,1,288
fbada387-b34e-45a3-b41a-6e178f665158,2020-07-22,17,1646,92,26,27,18,21,12,30,0,10,2,21,2,290
84f4b2f4-a3eb-4e7c-94f9-a22720ccd02d,2020-07-23,10,1656,91,22,25,24,20,14,34,0,10,2,20,1,291
b5a4a955-1050-4c15-8439-da2671f224ee,2020-07-24,9,1665,94,22,26,30,16,15,25,0,10,2,16,1,292
a126762f-7858-42db-b18d-d897c07841d3,2020-07-25,9,1674,92,20,30,27,15,14,25,0,9,1,15,1,293
73149417-1ae9-4735-bfa5-7fea82afac43,2020-07-26,5,1679,91,20,31,26,14,14,27,0,9,1,14,,293
5fad7b6f-5119-4d9e-a141-57958c4256f0,2020-07-27,22,1701,109,29,37,26,17,16,30,0,11,1,17,1,294
9c90940b-a3d3-430a-baa1-04ba11000c6e,2020-07-28,11,1712,114,30,36,31,17,16,30,0,12,1,18,,294
668da361-2195-43bd-a44c-33603b9d6184,2020-07-29,15,1727,116,27,36,35,18,18,33,0,13,1,19,,294
1ad9a3d7-7448-4e29-be72-e98c943ea055,2020-07-30,12,1739,117,22,35,40,20,18,35,0,14,1,20,2,296
e707811a-cdce-4f05-ab7d-e34cb91a3566,2020-07-31,12,1751,114,25,30,40,19,17,32,0,11,1,19,2,298
769234ef-1967-4b18-bb6f-f0fab79c8b81,2020-08-01,8,1759,116,26,35,36,19,15,30,0,10,1,19,1,299
dfd86ebb-2438-400b-bc33-035783664f70,2020-08-02,3,1762,109,23,34,34,18,15,27,0,12,1,19,1,300
476c5b1b-0ce1-4fda-861d-64186efcfda7,2020-08-03,10,1772,113,25,33,39,16,14,35,0,10,1,16,2,302
7fc93492-3c63-470d-a1ff-f19c6bc6d2d7,2020-08-04,14,1786,115,20,45,37,13,14,35,0,9,1,13,,302
13c0d6be-f37b-4efe-ae19-16730cce5f29,2020-08-05,9,1795,110,20,45,30,15,15,24,0,8,1,15,1,303
a223c2b5-daca-4b97-9b52-10114501537a,2020-08-06,4,1799,105,19,44,28,14,15,22,0,10,1,14,1,304
1b7eb5f0-b7b0-4c81-95f0-a2bfe5c61693,2020-08-07,14,1813,106,16,45,29,16,17,22,0,10,1,16,,304
10e32bd3-c6b2-4416-bdfa-da0c9ec663e1,2020-08-08,9,1822,104,17,41,30,16,12,21,0,8,1,16,,304
a1bff370-9afd-4840-81f9-b8a20ae560a1,2020-08-09,13,1835,107,15,48,27,17,20,27,0,11,1,17,,304
43a472d1-292a-409d-831c-ea60bf5ff238,2020-08-10,12,1847,113,21,42,27,23,22,29,0,14,1,23,,304
be1283e0-2775-4fc6-a196-837b7db97dbe,2020-08-11,8,1855,110,17,39,31,23,21,31,0,14,1,23,2,306
4dcbb6b8-bad7-49f8-b857-f6c3a5c13b73,2020-08-12,13,1868,101,9,36,34,22,22,29,0,15,1,22,,306
1d1150e5-7ae6-4145-84b5-7644f63c8dbf,2020-08-13,13,1881,106,10,35,38,23,23,30,0,16,1,23,1,307
bb9607f2-5b4d-4140-836d-abd2dc894b83,2020-08-14,19,1900,113,7,45,37,24,22,33,0,16,1,24,2,309
3cd78c99-7967-4336-b9f5-2f9ba05236dd,2020-08-15,12,1912,103,6,43,28,26,21,34,0,15,1,26,1,310
ef6db589-b7fa-48c1-82dc-9333bb768f88,2020-08-16,11,1923,101,6,40,31,24,21,32,0,17,1,25,2,312
69d529c5-00dc-414f-9309-a1d8bfdafb26,2020-08-17,16,1939,113,10,50,27,26,22,24,0,18,1,27,3,315
1fd80958-315e-418f-846d-33cf5a224994,2020-08-18,6,1945,103,8,43,27,25,25,27,0,18,1,26,,315
878d09bd-0d3d-4226-ae30-0b62747eea85,2020-08-19,14,1959,108,7,46,31,24,27,26,0,20,1,25,3,318
d414e1ca-cb45-4848-8599-33bfa4e597d7,2020-08-20,22,1981,116,8,49,35,24,26,33,0,20,1,24,3,321
eca4caff-a072-43e1-abd5-c1368a586233,2020-08-21,22,2003,119,11,46,38,24,24,34,0,18,1,24,2,323
2a8404e3-5233-4474-af1d-0386885b44c2,2020-08-22,14,2017,124,8,54,36,26,26,36,0,19,1,26,,323
de645fe6-2e8e-4356-89fa-b989a5155fa1,2020-08-23,10,2027,128,10,53,41,24,29,46,0,19,1,24,2,325
61f367eb-5f76-4287-80f4-5a7dd913b867,2020-08-24,9,2036,129,10,48,39,32,33,47,0,21,1,32,1,326
62de69bc-e655-4aee-928d-4ba134031abd,2020-08-25,16,2052,131,13,53,33,32,29,41,0,19,1,32,2,328
479dbb0b-37c8-47f6-b865-6a4772ddb681,2020-08-26,15,2067,136,9,62,33,32,31,41,0,20,0,33,1,329
7dbae631-4ad7-4d57-a6ef-415788a96e9f,2020-08-27,21,2088,147,12,52,51,32,34,49,0,22,0,33,,329
96539b14-d576-4c45-9041-e5dcd9d6820b,2020-08-28,23,2111,156,9,53,57,37,37,62,0,22,0,37,,329
440ac53c-0002-49c5-b481-4bf19b39dd06,2020-08-29,15,2126,155,11,50,58,36,37,58,0,25,0,36,3,332
bf4c9609-bd07-49bb-9d25-567614b67d11,2020-08-30,15,2141,154,7,57,54,36,39,58,0,25,0,36,1,333
ba2d98f2-490f-41be-934a-ed4c0f3d2a13,2020-08-31,22,2163,171,8,67,60,36,40,57,0,26,0,36,1,334
e143fa4b-53c2-4dd8-a10f-92a0e1c066cf,2020-09-01,20,2183,178,10,70,57,41,45,60,0,27,0,41,1,335
12a55efd-91ab-401e-94da-2ee0c4864d02,2020-09-02,19,2202,180,15,66,57,42,49,53,0,29,0,42,,335
0a439d5d-9469-4b8f-abd7-b9786f741d27,2020-09-03,36,2238,195,20,74,57,44,46,55,0,32,0,44,4,339
5eb34a0e-9cac-47c3-b3fa-160214dbddba,2020-09-04,34,2272,207,16,82,60,49,51,56,0,34,1,50,2,341
a3098310-b21b-4b54-9aea-af4871d03734,2020-09-05,33,2305,209,12,78,67,52,49,67,0,34,0,52,4,345
36705b39-5d7b-46ff-804d-4ca04d038f86,2020-09-06,20,2325,220,12,81,71,56,52,74,0,36,0,56,3,348
c992e831-d323-47c4-a9a4-681980c81014,2020-09-07,45,2370,256,16,97,78,65,53,85,0,40,0,66,1,349
5ed623ff-c715-449b-9907-c9768244122a,2020-09-08,27,2397,253,20,84,92,57,50,86,0,37,1,57,4,353
399f01ff-84f3-4b4b-88b3-b0bf846c0db7,2020-09-09,47,2444,266,18,85,102,61,55,102,0,40,1,62,3,356
1703dea3-a51a-4ecc-8c5b-ddc5720c6f72,2020-09-10,35,2479,272,15,86,104,67,58,103,0,42,1,67,3,359
765ed1fa-9ef9-4fee-a402-147c29928bd6,2020-09-11,57,2536,310,14,114,116,66,62,123,0,44,1,67,3,362
d34dfc42-2f3f-4118-b96b-31b433f416d8,2020-09-12,31,2567,283,14,96,110,63,57,118,0,42,1,64,4,366
39d4fb60-8548-409b-9f4a-efd9e1fbeb94,2020-09-13,46,2613,305,12,108,120,65,63,131,0,45,1,66,3,369
259e0e43-e1fd-4d99-be4a-736efad3938b,2020-09-14,52,2665,339,20,124,120,75,70,135,0,42,1,75,4,373
2e3eb0cb-7ec6-40c4-820b-34fd789972e4,2020-09-15,78,2743,369,21,152,122,74,70,145,0,42,1,74,6,379
fc0ee188-4a06-4426-9e91-c06751d97146,2020-09-16,73,2816,399,24,161,134,80,74,166,0,43,2,80,7,386
8c56ce62-2365-48df-97da-4298753a9856,2020-09-17,135,2951,495,32,205,167,91,81,193,0,50,4,91,5,391
fbd13de7-58a5-49aa-9a19-44fb3cd84fdd,2020-09-18,86,3037,525,41,195,193,96,98,206,0,58,4,97,11,402
3e82049b-c8a4-4ed5-99a3-c8b556d54074,2020-09-19,74,3111,508,30,188,197,93,112,221,0,57,3,94,6,408
47d2ed33-1d14-4878-8c6c-f66bb4fe3e3a,2020-09-20,59,3170,532,23,200,203,106,122,233,0,59,3,107,5,413
8e3ecbd3-116d-481a-b0b5-67ce203cc5b7,2020-09-21,105,3275,613,32,237,231,113,144,268,0,71,3,114,14,427
4d7199b7-58dc-45f9-8caf-40659e3ada0f,2020-09-22,105,3380,637,42,238,237,120,137,270,0,75,2,123,10,437
26b7e4f0-9100-483b-aed2-34f8d06136fb,2020-09-23,138,3518,710,52,258,265,135,147,307,0,80,2,139,19,456
0aa3f213-6d49-4e81-807f-5ea4a84ca3c3,2020-09-24,143,3661,768,52,270,291,155,157,347,0,93,4,157,9,465
f1f2ce8c-b03f-4900-a9cb-08bf023cf1ac,2020-09-25,135,3796,825,48,296,317,164,158,382,0,96,3,167,8,473
dbbcc6e6-7689-419c-8d05-b4cb0040f634,2020-09-26,106,3902,797,33,254,326,184,163,401,0,98,3,187,14,487
b0729179-154d-487a-9c86-104dc283ea7c,2020-09-27,117,4019,823,33,268,334,188,178,412,0,107,3,193,15,502
42cd97e4-bcb4-40d6-ad48-6c77a56e7d46,2020-09-28,100,4119,845,34,290,324,197,191,443,0,101,2,198,9,511
35b15467-2ce5-4ad8-9dfd-eba0b66b43e1,2020-09-29,188,4307,998,64,350,380,204,197,469,0,109,1,206,18,529
b1e2bde7-2b54-4ca7-b219-4d7b482e40ca,2020-09-30,193,4500,1062,78,365,423,196,196,500,0,111,2,197,10,539
255088fa-a172-42ec-a637-50706b521b0a,2020-10-01,200,4700,1164,70,413,449,232,219,535,0,126,3,233,19,558
649a52f6-5bf8-42f8-8797-a947be2ae12e,2020-10-02,211,4911,1241,64,439,494,244,225,571,0,127,3,245,18,576
2a7df9ba-1383-432c-b0c3-ad063ba4f75a,2020-10-03,148,5059,1209,44,418,484,263,254,600,0,127,2,264,11,587
921c05b9-47ca-4f3f-b5b0-4d23980985f6,2020-10-04,165,5224,1281,50,421,545,265,268,626,1,130,2,266,25,612
4b48791b-0aca-4c1c-8f2a-edb66d083d8e,2020-10-05,296,5520,1488,90,470,614,314,282,692,2,146,3,321,24,636
3a4d858d-4e75-4824-b686-fea6e69c4854,2020-10-06,296,5816,1633,117,525,660,331,316,735,2,156,4,336,29,665
39b9f9eb-7246-4093-bf39-51d47af87550,2020-10-07,330,6146,1785,162,538,721,364,346,818,11,173,4,369,42,707
844c20ee-e636-4b8a-80bb-858c5eedc92f,2020-10-08,358,6504,1956,184,607,761,404,358,898,24,175,4,407,22,729
f1893643-1acf-40c7-bf62-55c2cc9f554b,2020-10-09,362,6866,2149,207,631,898,413,389,965,56,192,5,419,53,782
7aa49cef-54e3-44cd-93ac-facbd96ac598,2020-10-10,277,7143,2168,216,592,923,437,420,1024,63,206,4,442,41,823
3b833436-f65b-43bb-8f09-4bedac26ab4a,2020-10-11,254,7397,2220,201,632,977,410,411,1093,60,193,3,414,35,858
b277d1e9-4b15-43fc-956c-f8aea8a4b3cf,2020-10-12,499,7896,2579,274,805,1032,468,435,1178,66,217,2,475,58,916
f91034e1-f286-489d-a6b2-0c275a11e062,2020-10-13,454,8350,2692,312,822,1063,495,452,1195,72,234,4,501,47,963
535465ba-fbda-4d52-88d3-288a4eefa229,2020-10-14,534,8884,2990,327,930,1212,521,478,1322,73,245,5,523,54,1017
6705a0ae-1bb8-4464-b373-7ac9af59e4e9,2020-10-15,501,9385,3207,346,915,1406,540,514,1502,79,269,7,543,48,1065
79dedf30-e565-4024-a7e5-9fa695db819b,2020-10-16,582,9967,3452,355,1037,1487,573,555,1604,85,290,9,578,63,1128
52c1302b-95f9-46ab-91c0-5ca76f23f995,2020-10-17,503,10470,3552,321,1073,1603,555,573,1672,88,302,10,559,71,1199
3c770279-0d88-41c2-893d-8c54a8d5ea64,2020-10-18,483,10953,3713,274,1188,1689,562,598,1775,94,312,12,566,58,1257
12d7d3cd-3fdb-4ba6-818f-1720861fd40c,2020-10-19,697,11650,4154,340,1345,1856,613,622,1897,89,329,14,619,93,1350
737cb7ab-70fc-4205-9b99-4ebc9f468848,2020-10-20,748,12398,4450,376,1444,1990,640,641,2035,104,344,14,642,88,1438
3727d59f-76c4-4951-89a6-8b335dca43a3,2020-10-21,923,13321,4867,452,1600,2113,702,704,2184,119,362,14,709,113,1551
19fc993f-cca9-4c75-b25b-b93c334b58a6,2020-10-22,840,14161,5107,498,1670,2220,719,751,2325,120,382,13,729,104,1655
1a3f302e-f99a-4686-bc02-b685f8c6bb80,2020-10-23,912,15073,5455,582,1793,2335,745,762,2386,125,379,16,752,114,1769
3140cd95-cbfe-469e-b79a-693b7d7ad1cb,2020-10-24,701,15774,5372,527,1694,2390,761,760,2502,147,377,12,770,119,1888
abace23a-b5d7-4c58-8dc7-7c237ca93bee,2020-10-25,714,16488,5683,570,1798,2505,810,802,2639,145,387,6,814,125,2013
c740ad22-75ed-4aea-912e-938ba9293d29,2020-10-26,1086,17574,6200,621,1974,2727,878,884,2843,152,433,5,883,142,2155
280e89b2-d381-4de1-9c09-4772f339612b,2020-10-27,1026,18600,6533,708,2054,2835,936,876,2978,153,457,5,941,162,2317
e7a40ad8-e461-464d-8e58-147a119f138c,2020-10-28,823,19423,6573,686,1998,2885,1004,888,3039,178,468,6,1013,145,2462
b5d22816-3a45-4b04-a986-21bb982910b0,2020-10-29,1027,20450,7273,865,2277,3095,1036,995,3255,190,523,8,1048,176,2638
c4793086-679e-4b58-a363-361e5d5e0bd0,2020-10-30,1175,21625,7657,880,2488,3208,1081,1030,3306,192,535,7,1093,195,2833
c6e02a98-1ce9-48bc-8b2d-9ab89a85c2b3,2020-10-31,694,22319,7333,822,2287,3108,1116,1069,3369,204,561,7,1125,166,2999
83ba7b64-a674-4ad5-b181-fa735b5787b5,2020-11-01,622,22941,7462,809,2271,3240,1142,1118,3452,208,577,7,1144,187,3186
819d312c-2701-44a5-8bc9-000076b7a67d,2020-11-02,1050,23991,8037,930,2586,3333,1188,1154,3569,224,605,7,1194,193,3379
5b9a7ba5-800e-4e35-a66c-eb67cb3ab717,2020-11-03,1035,25026,8135,926,2641,3361,1207,1180,3593,226,627,9,1213,232,3611
0d8fdb66-199e-4197-ad57-137d8516043a,2020-11-04,967,25993,8213,967,2739,3361,1146,1166,3568,226,605,8,1153,197,3808
973f7857-ed8c-477f-b8b5-fb9c8bb9b445,2020-11-05,859,26852,8224,959,2782,3331,1152,1176,3495,236,596,9,1158,170,3978
35c659de-f3e3-4ebb-8e0e-e7a849a7884f,2020-11-06,904,27756,8143,912,2787,3277,1167,1212,3437,275,603,12,1172,180,4158
b15878de-aba7-4097-b667-61952c35891f,2020-11-07,542,28298,7509,797,2432,3157,1123,1157,3363,271,584,12,1127,179,4337
aafe9993-ccf3-433f-9149-6cebfa743c38,2020-11-08,502,28800,7486,755,2394,3208,1129,1167,3367,282,583,13,1134,171,4508
d64fc56e-519d-448a-ba81-6ce1d3634ece,2020-11-09,847,29647,7783,890,2605,3159,1129,1181,3305,283,609,19,1138,152,4660
3cfcacf7-1755-4c46-819d-551e36cadcba,2020-11-10,838,30485,7596,907,2515,3090,1084,1169,3208,300,604,19,1090,191,4851
e48fda07-63a3-49b5-a306-5724b69da4e9,2020-11-11,716,31201,7364,917,2434,2975,1038,1110,2975,292,582,18,1049,163,5014
22302ade-c6b5-4e1f-89cf-94c67020ad13,2020-11-12,686,31887,7203,942,2327,2870,1064,1105,2897,321,557,17,1078,153,5167
40a56ed1-d3c3-4522-a17d-81f5013a14ce,2020-11-13,793,32680,7118,950,2336,2786,1046,1101,2755,330,545,16,1060,158,5325
b6de61ad-3663-4f8b-8f5f-ef2fd3e7fc7f,2020-11-14,443,33123,6574,836,2096,2617,1025,1068,2634,332,526,15,1036,161,5486
64db30c4-42b0-4d02-91af-3cab94d027cf,2020-11-15,355,33478,6421,788,2059,2562,1012,1045,2560,315,517,15,1020,130,5616
68fac883-0900-46a9-8b72-7328341d75e6,2020-11-16,676,34154,6655,891,2251,2550,963,1040,2566,291,503,15,972,142,5758
e7e2bc45-830c-45a3-865b-ce425e4cf410,2020-11-17,423,34577,6188,788,2024,2478,898,996,2489,285,470,14,911,114,5872
e2fe136b-b99a-4a7a-87ad-362e84ef6580,2020-11-18,688,35265,6568,936,2278,2462,892,1007,2450,285,473,16,904,135,6007
08e2105c-2a05-48da-b334-0fdb97b463e2,2020-11-19,564,35829,6328,837,2228,2376,887,974,2371,284,465,18,896,112,6119
141686c9-fd21-48c1-997e-3456e73b464f,2020-11-20,502,36331,6085,831,2115,2311,828,960,2273,279,445,20,836,101,6220
449cd178-9e10-4f0a-8354-94695c5be9c3,2020-11-21,327,36658,5426,672,1736,2197,821,944,2152,279,449,23,829,118,6338
acc93cee-dc2f-4f90-b459-1a797da1867a,2020-11-22,274,36932,5372,638,1758,2161,815,958,2136,275,446,23,824,100,6438
d9b74e72-68c8-484e-871b-9e3d0eae8833,2020-11-23,555,37487,5725,833,1908,2159,825,950,2163,274,437,21,832,112,6550
5834a505-28f2-4f07-a38b-5f34679c9d01,2020-11-24,593,38080,5550,814,1856,2085,795,881,2103,278,407,22,804,110,6660
c5b4ecaa-627b-4cee-9d0f-24b891662e93,2020-11-25,477,38557,5327,767,1770,2039,751,856,2027,266,390,19,762,105,6765
7429df12-e818-400c-b1fa-738d5b8cb08c,2020-11-26,450,39007,5172,752,1735,1937,748,843,1935,260,395,18,757,114,6879
5d93e6c6-707e-4bf2-8e21-5837da386d33,2020-11-27,414,39421,4960,741,1645,1864,710,800,1812,240,369,17,716,119,6998
f47e47fc-7f87-4653-a048-3fc73e12758e,2020-11-28,269,39690,4479,565,1436,1821,657,780,1508,232,359,12,661,98,7096
3ee010c6-6561-4357-b5c6-52a1429f0679,2020-11-29,289,39979,4545,617,1441,1844,643,765,1547,238,342,12,646,78,7174
38897a29-eee7-413b-955f-cb24665222a3,2020-11-30,507,40486,4838,695,1630,1842,671,791,1541,240,350,11,673,110,7284
92d0dcbb-1d05-4299-b1cd-a9096b5d4539,2020-12-01,450,40936,4662,672,1561,1833,596,733,1531,219,322,10,599,95,7379
e5f8c96c-1499-4351-88d2-82c7fc610206,2020-12-02,445,41381,4558,659,1547,1756,596,717,1471,227,309,11,599,99,7478
9e407869-6298-45f9-bd06-b936e5e8dac1,2020-12-03,500,41881,4536,606,1545,1798,587,718,1465,237,295,11,590,90,7568
03997ead-4b34-46e4-95f3-27dba80016e2,2020-12-04,498,42379,4475,665,1449,1779,582,715,1497,227,294,11,586,80,7648
ab33716e-0152-42aa-bd5c-d4e5fa199ef3,2020-12-05,280,42659,4110,560,1246,1735,569,692,1483,212,301,11,571,104,7752
06399e43-4681-4832-af99-4032c2ff6fdd,2020-12-06,301,42960,4158,543,1294,1760,561,680,1508,219,298,12,564,80,7832
df658fc2-d21a-4163-8bcc-f74e3fb216e4,2020-12-07,516,43476,4510,648,1452,1842,568,714,1556,226,293,11,571,85,7917
428bf278-6759-4d81-b26f-77b4c471874b,2020-12-08,468,43944,4406,630,1392,1824,560,701,1527,223,290,8,563,80,7997
1d4349de-070a-46d1-a62c-e1d9832cb096,2020-12-09,546,44490,4461,602,1455,1862,542,686,1570,217,281,10,545,73,8070
1d2ff188-3626-4d6b-a3db-49703bb39966,2020-12-10,499,44989,4561,605,1532,1860,564,712,1589,215,300,7,567,99,8169
10b5d295-e354-42b3-9397-bc76a51e063c,2020-12-11,454,45443,4536,597,1517,1838,584,702,1561,214,313,9,585,99,8268
f999b54d-b3ff-45cf-9ad0-0a925f186486,2020-12-12,372,45815,4315,514,1371,1863,567,696,1604,227,307,6,571,86,8354
feba40bd-00be-49ce-9fde-2bba7c42293c,2020-12-13,340,46155,4414,503,1409,1922,580,710,1642,221,305,7,583,97,8451
ea223966-e8fa-40c5-9e10-9aacfdda9e3f,2020-12-14,546,46701,4775,679,1523,1964,609,728,1681,246,315,9,612,113,8564
357f8cf7-ad76-4f6a-a047-84d526a79578,2020-12-15,573,47274,4747,659,1484,2006,598,725,1705,234,311,9,600,99,8663
c13ebced-0e4f-48d1-a032-94662ee8c766,2020-12-16,489,47763,4716,638,1465,2009,604,735,1690,241,313,9,605,101,8764
f4c618e5-2acd-445a-991c-00343d0f7001,2020-12-17,528,48291,4780,702,1507,1970,601,725,1652,251,304,9,602,96,8860
7534bc3d-cd7c-45c1-85e5-317a8b171d13,2020-12-18,528,48819,4783,690,1519,1971,603,729,1653,254,314,9,604,94,8954
7be97737-5058-48d0-b3d5-0d7b8ed7a948,2020-12-19,334,49153,4483,583,1381,1919,600,746,1645,266,309,10,601,102,9056
49cd2126-814f-46d8-8935-84827768b39c,2020-12-20,375,49528,4579,550,1438,1974,617,755,1680,272,304,11,618,86,9142
2e4f9a8b-baee-43e2-881b-41d8a5dd6d84,2020-12-21,557,50085,4959,688,1641,2000,630,765,1680,275,309,10,631,90,9232
5c060843-1879-4f2d-aca9-44b9af32983e,2020-12-22,634,50719,4937,613,1632,2053,639,770,1715,271,322,8,640,92,9324
c7dd86c7-d3d3-498b-8e7c-4fb7d7f13a9a,2020-12-23,641,51360,4973,625,1577,2101,670,780,1737,277,335,10,672,104,9428
5e2c76bb-0590-4c0c-b53f-6cacc4751890,2020-12-24,370,51730,4310,449,1284,1930,647,749,1647,279,322,10,648,99,9527
2ae9ada3-1a4b-41b8-9ab8-1d5bca45fb07,2020-12-25,471,52201,4386,446,1275,2006,659,769,1751,282,332,8,659,88,9615
c11ceb5d-1a53-4c8d-99a5-25038cf14cea,2020-12-26,528,52729,4651,436,1378,2135,702,806,1864,300,351,10,702,116,9731
1df54a04-5ce0-4994-a9df-f48c4d4e9a26,2020-12-27,560,53289,4966,458,1481,2294,733,846,1990,307,369,12,733,100,9831
adff676f-edb8-42d8-8f88-e0e8c81c9aab,2020-12-28,873,54162,5724,581,1700,2659,784,905,2298,330,390,14,785,120,9951
23bdde46-9c5e-4b82-9aea-51e9b3f44603,2020-12-29,931,55093,5975,588,1796,2744,847,939,2359,370,410,15,848,123,10074
01b0bc03-1c34-4c2e-b79c-d24c35d08d76,2020-12-30,810,55903,6139,573,1832,2870,864,954,2481,369,425,18,865,140,10214
d094b732-8840-49a1-8d12-165cb7240521,2020-12-31,769,56672,6161,563,1816,2902,880,972,2503,382,434,18,881,115,10329
378a3639-7a44-406b-9663-792667ea48e9,2021-01-01,580,57252,5667,436,1501,2836,894,950,2501,403,434,15,895,143,10472
75d77d88-d1c3-42df-ad31-e8fc2dba274a,2021-01-02,691,57943,5970,428,1622,3021,899,960,2687,392,456,16,900,134,10606
78e2922f-8495-47c3-8646-8c6a0b36412d,2021-01-03,651,58594,6282,448,1737,3160,937,1006,2802,401,474,18,938,125,10731
e3a3019b-df62-4277-ae99-d243dc3a0397,2021-01-04,998,59592,7221,631,2113,3478,999,1091,3025,426,511,20,999,133,10864
d5b30d78-4a24-4b73-8fd3-92b13032336a,2021-01-05,1010,60602,7408,660,2207,3492,1049,1114,3054,454,535,19,1049,158,11022
ea5d1b07-7693-4b07-94ea-d8b83d7a71b5,2021-01-06,908,61510,7400,575,2204,3531,1090,1153,3085,474,555,20,1091,144,11166
45741be7-5884-4018-a554-555483744674,2021-01-07,925,62435,7558,642,2208,3579,1129,1150,3083,488,564,22,1130,174,11340
6d2e3b11-9c8b-44ed-891d-19f0fc089e30,2021-01-08,806,63241,7347,640,2171,3409,1127,1143,2941,535,534,21,1128,181,11521
43190e70-cf51-4960-b3eb-84b784af621e,2021-01-09,587,63828,6773,492,1832,3354,1095,1149,2974,517,530,20,1095,153,11674
bf40f31f-eb76-4f45-bf3a-497cd369f4b8,2021-01-10,544,64372,6879,491,1907,3359,1122,1177,2983,522,549,20,1122,160,11834
a3b57a3d-1b1c-43bf-a877-f3a91222fdb8,2021-01-11,858,65230,7425,688,2129,3437,1171,1190,2985,544,566,20,1171,150,11984
51ac5d0c-c8c7-4dd1-a255-c5e38e12283a,2021-01-12,856,66086,7481,721,2072,3530,1158,1178,3057,519,565,17,1158,160,12144
5b039f37-4484-43dc-a2ce-91d4f6c79d13,2021-01-13,695,66781,7310,683,2084,3396,1147,1174,2974,511,571,13,1148,153,12297
7e8df9b1-cbc7-4948-ad2d-d96e198c1f61,2021-01-14,665,67446,7233,699,2012,3371,1151,1185,2931,494,589,14,1151,169,12466
baa04855-c341-48ae-b954-f46ccd8b9a2f,2021-01-15,718,68164,7149,736,1981,3282,1150,1175,2877,486,601,15,1150,156,12622
0e3f9db4-03f7-4a9e-8416-6e6f5422e15c,2021-01-16,451,68615,6531,582,1686,3121,1142,1166,2765,493,591,16,1142,135,12757
3a16711d-8735-4f98-bbb5-40d079ccd66b,2021-01-17,406,69021,6504,589,1717,3072,1126,1138,2751,485,597,14,1126,140,12897
1505e137-040b-4f6c-9188-bf40527c196a,2021-01-18,702,69723,6967,765,1959,3110,1133,1162,2705,486,594,15,1133,144,13041
c1dbd71b-9e3b-492a-93b1-27ef4c34bb91,2021-01-19,703,70426,6699,708,1895,2988,1108,1143,2642,484,584,15,1109,138,13179
af704de2-2bfd-4ca6-8ed0-8aa7053dd377,2021-01-20,678,71104,6537,619,1833,2985,1100,1118,2599,491,565,16,1100,139,13318
87d2f588-6203-47c6-8254-fce9796d7d02,2021-01-21,580,71684,6407,627,1751,2955,1074,1111,2593,486,558,19,1075,137,13455
db0d7721-677b-4dbd-8038-7081b5fcfcc9,2021-01-22,610,72294,6391,604,1760,2928,1099,1114,2561,489,541,17,1099,124,13579
2b3c0889-405e-47b4-a571-80dae5b77523,2021-01-23,453,72747,5876,453,1523,2826,1074,1094,2527,483,536,19,1074,128,13707
f8a901d1-8fc5-4b78-9212-4af182031402,2021-01-24,382,73129,5913,441,1555,2853,1064,1059,2528,463,539,18,1064,130,13837
0c91f3df-6db1-4a50-a62d-0334246ba265,2021-01-25,660,73789,6338,603,1817,2875,1043,1084,2550,467,541,17,1043,126,13963
147bf87c-b925-4ced-9322-ac64a3cdb6b5,2021-01-26,643,74432,6306,575,1770,2919,1042,1047,2532,444,548,15,1042,134,14097
4cc2877d-695d-4fff-8020-63444e741910,2021-01-27,586,75018,6159,576,1742,2833,1008,1039,2427,424,549,17,1008,145,14242
230d04f3-f2ad-4320-a959-a522f8e4f228,2021-01-28,558,75576,6042,570,1708,2760,1004,1018,2370,423,543,16,1004,119,14361
9913c16b-92f9-4b27-8fc9-9617a51cdfae,2021-01-29,616,76192,5978,570,1708,2721,979,1020,2352,425,515,16,979,145,14506
e745aa4d-2ff6-4c49-a1f8-c20e87e87a17,2021-01-30,425,76617,5517,422,1424,2711,960,1022,2387,392,521,16,960,106,14612
e61a7398-d3d3-44af-a0b6-2f99f1a3d446,2021-01-31,387,77004,5562,418,1457,2718,969,1040,2383,400,528,17,969,105,14717
a5d8ae9b-94fb-43cd-ae45-f24008cc9036,2021-02-01,741,77745,6101,551,1690,2838,1022,1078,2467,427,545,19,1022,116,14833
7ae666e0-530e-4e9e-94a1-627de4f32e73,2021-02-02,638,78383,5989,485,1698,2773,1033,1090,2402,457,531,17,1033,124,14957
a6ed3e37-7add-4ab6-8e75-0268c0b184f9,2021-02-03,617,79000,5960,483,1672,2789,1016,1076,2425,452,530,16,1016,124,15081
e2a6f464-3da6-48ad-b779-db72bc145d08,2021-02-04,642,79642,5998,494,1677,2796,1031,1102,2405,448,547,17,1031,118,15199
b285fa72-6cbc-40da-934a-6f79ab591425,2021-02-05,591,80233,5984,504,1689,2748,1043,1087,2376,462,540,17,1043,110,15309
d8a20899-0af4-4ceb-ae21-1739005985b0,2021-02-06,475,80708,5650,406,1503,2699,1042,1070,2355,460,526,17,1042,119,15428
de463dff-238b-4be3-a300-975530d472c9,2021-02-07,435,81143,5791,448,1526,2764,1053,1098,2418,455,545,14,1053,113,15541
31454610-5a68-4e36-9c59-8d89000a5b7f,2021-02-08,688,81831,6230,568,1725,2848,1089,1107,2478,481,539,15,1089,125,15666
6b829bcf-d3b0-4354-96d7-6764a67ec16d,2021-02-09,657,82488,6153,581,1621,2859,1092,1094,2499,509,526,12,1092,119,15785
0983b313-ee61-4e85-9ef0-1d5eba9e7438,2021-02-10,637,83125,6081,545,1668,2775,1093,1110,2432,514,524,13,1093,119,15904
6831b8ba-8cb9-4062-b841-239922d90eb3,2021-02-11,631,83756,6060,544,1603,2804,1109,1116,2465,515,545,16,1109,120,16024
e39d3aa2-b815-4b23-9b18-bd16c77ce28f,2021-02-12,617,84373,5995,537,1593,2763,1102,1114,2412,501,557,15,1102,130,16154
82f3946e-da92-443f-affa-650b5524780e,2021-02-13,476,84849,5677,390,1362,2823,1102,1107,2480,517,562,16,1102,100,16254
5d77c746-aa4f-4a14-9e0d-84eba81da057,2021-02-14,537,85386,5888,388,1394,2960,1146,1147,2598,541,580,14,1146,127,16381
c2ce02b7-d22a-4f20-9baf-b0ee11ab05e9,2021-02-15,727,86113,6387,505,1627,3058,1197,1174,2633,594,571,16,1197,108,16489
d69cf444-d992-4719-853f-90df825e5767,2021-02-16,763,86876,6420,514,1609,3065,1232,1217,2669,595,596,17,1232,136,16625
5da49272-d373-4e48-94c6-467b8b0ab242,2021-02-17,800,87676,6499,458,1625,3140,1276,1245,2732,619,609,17,1276,120,16745
6ec4e7be-6d36-463d-8c62-2b43384b354f,2021-02-18,732,88408,6610,435,1688,3197,1290,1270,2776,620,618,18,1290,160,16905
efa6ab29-b19c-4deb-ba96-1eae5fd15027,2021-02-19,780,89188,6614,437,1734,3142,1301,1273,2695,625,636,16,1301,166,17071
53b9704a-a0c0-4765-836a-9e935820318e,2021-02-20,561,89749,6213,351,1468,3098,1296,1270,2704,601,656,16,1296,156,17227
c20238a3-5793-4f78-a600-dde5c28ea64e,2021-02-21,597,90346,6420,394,1493,3220,1313,1286,2823,615,664,17,1313,133,17360
1bed85db-4d40-4b31-8688-22201c7b4e26,2021-02-22,921,91267,7114,501,1756,3461,1396,1364,3018,678,681,21,1396,146,17506
1f5836d9-7893-45d6-a97e-a63f735f3c92,2021-02-23,853,92120,7148,480,1760,3474,1434,1391,3039,717,693,24,1434,135,17641
db063002-8c55-44be-9e74-3952d9f173d3,2021-02-24,846,92966,7237,445,1828,3500,1464,1410,3048,735,680,25,1464,133,17774
d5dc1522-3c86-4fbf-a3f6-8467d6a3d709,2021-02-25,922,93888,7464,440,1888,3577,1559,1464,3059,780,728,27,1559,162,17936
f81099b7-c270-4650-ac01-9fde20daf206,2021-02-26,908,94796,7568,465,1918,3653,1532,1440,3143,758,721,26,1532,180,18116
0aab4c39-a173-48b9-8a10-54337fe09958,2021-02-27,717,95513,7260,360,1584,3768,1548,1471,3252,775,716,24,1548,167,18283
662b58be-4abc-4a68-9f66-56d4427bc7ab,2021-02-28,650,96163,7525,365,1669,3910,1581,1508,3390,781,742,17,1582,164,18447
8c677bd4-263f-4092-bf79-e7b1cb08b6ec,2021-03-01,1156,97319,8340,494,2024,4156,1666,1588,3599,828,782,19,1667,188,18635
9795e2d7-d2b6-4bb0-9b9b-2b0f3739744a,2021-03-02,1050,98369,8525,514,2062,4228,1721,1598,3644,854,800,17,1721,182,18817
963de836-0b6a-4e18-ba21-aa2a691b7c65,2021-03-03,866,99235,8477,507,2044,4180,1746,1628,3621,865,808,17,1746,185,19002
11221db6-93f6-4a55-b709-e3785bc10852,2021-03-04,924,100159,8482,502,1928,4273,1779,1657,3703,871,831,20,1779,202,19204
119ec80c-d62b-4676-9d1b-72b97dbb7144,2021-03-05,906,101065,8544,500,1961,4309,1774,1674,3733,864,845,22,1774,174,19378
8968859d-1889-4bcb-b4fa-ea223f3b5127,2021-03-06,747,101812,8191,383,1677,4360,1771,1676,3815,863,855,23,1771,189,19567
3ff02c38-0242-4262-831b-a3d4b56f4656,2021-03-07,713,102525,8416,359,1802,4434,1821,1681,3904,891,874,24,1821,180,19747
c1a799de-fa55-4a87-9d70-7394dc3ac1e5,2021-03-08,1043,103568,9091,508,2148,4532,1903,1777,3956,918,923,32,1903,214,19961
0073c4ff-7f6a-4cd8-b458-4f35cfa4d14f,2021-03-09,980,104548,9056,473,2078,4571,1934,1804,3970,969,912,27,1934,211,20172
24fb6847-fcf7-4499-868f-2ea06c7c7252,2021-03-10,1031,105579,9076,460,2077,4558,1981,1832,3980,1003,919,32,1981,209,20381
00444503-bb96-4589-b66a-2454825d61ee,2021-03-11,932,106511,9044,463,2062,4526,1993,1822,3952,1015,919,35,1993,212,20593
65621781-ab64-45f5-9c6b-3b4f04201401,2021-03-12,973,107484,9012,471,2111,4430,2000,1833,3884,1010,929,32,2000,201,20794
7e4f548b-831d-463b-b9a8-c43d10ff9122,2021-03-13,745,108229,8609,367,1777,4490,1975,1783,3995,1004,913,33,1975,160,20954
e920f867-27b9-41c4-b334-d8639a7469f6,2021-03-14,656,108885,8823,380,1840,4573,2030,1829,4061,1031,939,31,2030,211,21165
82504f00-ac41-44ce-bed6-c993741fe9e2,2021-03-15,1035,109920,9551,534,2191,4772,2054,1886,4207,1055,944,30,2054,216,21381
11bb1d6d-2b93-4d0e-baff-705b4003cf0d,2021-03-16,924,110844,9412,486,2171,4689,2066,1896,4119,1050,930,36,2066,203,21584
127a5d5f-1df7-4888-9480-cebafc1e9acf,2021-03-17,875,111719,9242,505,2087,4612,2038,1861,4042,1056,926,35,2038,177,21761
1fdf1538-2557-4e74-834c-33fb87b4dca9,2021-03-18,811,112530,9039,464,2067,4491,2017,1859,4017,1028,951,33,2017,199,21960
dd8930cb-ecd7-4a4c-bb94-6c9415cde31e,2021-03-19,808,113338,8845,471,2021,4358,1995,1819,3814,1011,945,34,1996,156,22116
4db07fb1-45fd-4db3-8f47-ffbcc04af24a,2021-03-20,562,113900,8280,368,1734,4208,1970,1781,3740,998,938,28,1970,161,22277
7f775f44-82db-4ee6-a6f5-1ee481773233,2021-03-21,564,114464,8387,346,1791,4285,1965,1805,3816,987,934,29,1965,174,22451
4e6013cb-9520-40c4-a0ea-d1dc94580b72,2021-03-22,937,115401,9037,514,2154,4383,1986,1824,3836,961,974,27,1986,194,22645
583061b9-c6e2-4399-9628-6fd422f47dc9,2021-03-23,764,116165,8689,485,2057,4236,1911,1774,3702,918,931,25,1911,179,22824
baa7bd06-24a4-4c25-b804-8665d9e421c7,2021-03-24,745,116910,8366,414,1998,4067,1887,1743,3558,902,924,21,1887,170,22994
8d3cb6b9-2860-4c48-a3bb-c98a279f30ee,2021-03-25,729,117639,8206,411,1938,3982,1875,1742,3488,929,911,25,1875,144,23138
68a3c616-0c35-4da0-9aee-8e75f56147fe,2021-03-26,711,118350,8083,433,1966,3848,1836,1677,3352,873,911,28,1837,137,23275
b1246ce2-a45f-49ef-a5f3-6b9cb4bc9b49,2021-03-27,564,118914,7559,327,1593,3834,1805,1644,3377,879,878,28,1806,166,23441
1ab0c485-c6c5-4581-9924-5cea40042423,2021-03-28,495,119409,7611,303,1676,3868,1764,1655,3407,876,862,26,1765,107,23548
3dda2015-6abf-4508-885b-fc856a2f598f,2021-03-29,791,120200,8156,468,2032,3885,1771,1665,3379,871,863,28,1771,166,23714
32f318b3-96fb-4680-b5c2-c4d5aa8f3a32,2021-03-30,658,120858,7878,436,1910,3809,1723,1613,3299,856,837,28,1723,158,23872
3c9fe2d7-ecbe-4a2b-a328-66b7a20e86dd,2021-03-31,655,121513,7556,458,1826,3657,1615,1553,3168,775,810,25,1615,145,24017
40821325-ffef-411a-b965-3c5545c4f9cf,2021-04-01,619,122132,7244,436,1788,3466,1554,1506,3018,741,786,24,1554,138,24155
55a2de2b-46e1-4ac3-8625-0520a540bf15,2021-04-02,507,122639,6414,331,1436,3207,1440,1423,2829,668,760,28,1442,97,24252
bc076bb6-c73b-4d6e-aed9-5fe709989b44,2021-04-03,475,123114,6257,279,1402,3152,1424,1398,2787,677,722,28,1426,113,24365
80a5216b-4b97-40d9-9531-65c726b50c69,2021-04-04,444,123558,6353,264,1489,3194,1406,1379,2843,663,712,31,1408,123,24488
05ca602d-6851-4027-a383-2b3f9c6735d1,2021-04-05,367,123925,6419,273,1534,3230,1382,1347,2855,654,706,29,1385,109,24597
80797c18-5e8f-44f3-b6ea-987c499dccf9,2021-04-06,639,124564,7099,421,1774,3482,1422,1395,3057,665,727,26,1428,104,24701
b551b2a2-b51d-40ca-9ea5-71a7c1cc2460,2021-04-07,518,125082,6744,386,1641,3333,1384,1359,2878,634,700,23,1388,114,24815
12f87ca2-484b-4956-b252-2ec97f6cf215,2021-04-08,433,125515,6265,355,1493,3107,1310,1315,2699,607,668,23,1313,114,24929
2cd8c416-2e38-4bf1-bbec-ec66e360f330,2021-04-09,482,125997,5950,355,1507,2853,1235,1235,2431,571,625,24,1237,103,25032
1258e6dc-6f07-4ba1-8aff-0c2c741138b2,2021-04-10,304,126301,5311,241,1195,2683,1192,1214,2339,556,601,22,1195,96,25128
021fe5c0-62db-4a0f-9cc2-2bc7fc0e60f8,2021-04-11,283,126584,5264,255,1176,2679,1154,1196,2353,517,600,20,1156,78,25206
2cb237a1-7980-487f-bbf2-879318ad78dc,2021-04-12,416,127000,5562,347,1389,2678,1148,1184,2348,515,593,21,1151,77,25283
de3b0a60-31ad-4ce4-ae88-2651beb6517f,2021-04-13,375,127375,5249,336,1286,2548,1079,1153,2250,480,568,18,1082,80,25363
f24dd20e-477b-4fb1-be4d-2c87667565f1,2021-04-14,390,127765,4945,306,1177,2417,1045,1110,2116,481,535,17,1047,84,25447
b2dd10ec-5b3d-404b-b134-980d9b1d419e,2021-04-15,351,128116,4687,314,1162,2227,984,1035,1941,438,518,18,987,78,25525
187420a3-6a36-4c6a-bd2f-d6585bd93d55,2021-04-16,343,128459,4435,326,1110,2058,941,1012,1790,414,513,18,944,59,25584
5a65a713-94e0-4844-bc2b-4ff24362c0dc,2021-04-17,263,128722,4037,196,931,1999,911,975,1761,408,485,18,914,63,25647
4e3a26cf-d99e-4bc4-ae6a-46dbbbe3d9b3,2021-04-18,234,128956,4050,185,973,2002,890,975,1765,388,491,19,893,69,25716
a1395b3a-f106-4534-bb37-903942bdc7bc,2021-04-19,354,129310,4327,246,1105,2076,900,992,1820,395,488,22,904,68,25784
515ee8de-5b32-4378-abb6-058bc7345a80,2021-04-20,330,129640,4164,274,1052,1980,858,942,1721,377,471,18,862,55,25839
9af54c34-e7aa-4551-806a-78374c09b4ec,2021-04-21,337,129977,4005,258,1016,1874,857,908,1626,376,460,20,860,59,25898
84f6f907-5325-4402-b729-e36f93304ce1,2021-04-22,261,130238,3771,267,902,1804,798,839,1538,353,420,21,802,51,25949
66f6d33b-3b8f-4be4-b693-b128c778715a,2021-04-23,253,130491,3552,222,900,1670,760,792,1434,336,406,19,762,50,25999
ff008bbc-c6e5-4669-96fb-1e69a8291eb5,2021-04-24,166,130657,3205,165,752,1556,732,755,1367,329,379,17,734,50,26049
c7c38ed3-be77-441f-bd60-86a53c3b6a03,2021-04-25,169,130826,3196,170,759,1547,720,763,1362,328,373,15,722,51,26100
6c51acd9-0c58-49ee-8d5c-1d318ddd3648,2021-04-26,263,131089,3346,242,899,1512,693,741,1304,315,362,14,694,54,26154
f3f3b0e0-ed14-4ad9-9d0a-925234d7533a,2021-04-27,250,131339,3173,218,818,1473,664,716,1281,282,361,17,666,46,26200
7c76de8c-eb54-4b32-ba05-a1c73e99d301,2021-04-28,231,131570,3025,211,774,1430,610,689,1239,261,335,19,612,61,26261
cc4091a2-827c-4966-8891-32355d36cc5e,2021-04-29,243,131813,2855,189,715,1387,564,640,1183,239,303,19,565,39,26300
8acad396-18e7-4d23-a21d-14629da25ca3,2021-04-30,205,132018,2698,171,700,1313,514,580,1133,216,278,18,515,43,26343
784d2ee2-f26f-4aee-ba4e-e8af93373b1b,2021-05-01,158,132176,2485,130,586,1275,494,555,1137,219,262,17,494,31,26374
751fbe26-ebfd-4ca2-a979-05f020d59034,2021-05-02,147,132323,2510,137,611,1276,486,559,1130,208,267,18,486,32,26406
edb52623-6f8f-48d0-8e59-ec7ee6d9cf69,2021-05-03,255,132578,2706,196,707,1311,492,564,1126,215,263,14,492,34,26440
3abd8719-d107-45a5-80b0-4473a1ee7faf,2021-05-04,172,132750,2554,171,662,1239,482,545,1060,215,250,15,483,43,26483
c992f84f-e8b5-4c7d-8333-8d5b7a980430,2021-05-05,182,132932,2379,147,614,1186,432,503,1000,184,232,16,433,32,26515
bbbcd8e7-613c-4a7e-872c-65f5e6b7a5e5,2021-05-06,171,133103,2241,154,587,1103,397,464,929,175,218,17,398,36,26551
56bbe5d8-0852-4b10-b101-c6c9a4ba25d5,2021-05-07,176,133279,2145,171,579,1013,382,439,860,174,199,13,383,25,26576
39fe61d5-1217-4fce-a2e6-3c70d74f4f89,2021-05-08,92,133371,1900,120,450,963,367,412,818,171,184,12,368,29,26605
4a1a995f-fde3-4dd9-a9d6-c7305588136f,2021-05-09,102,133473,1882,117,437,958,370,416,821,170,181,11,371,30,26635
dce81fac-4a35-4680-9a71-690dbc2bd165,2021-05-10,176,133649,2006,155,564,921,366,424,784,168,184,11,367,29,26664
b660cf77-cdca-4683-86c6-cd4ff1846c14,2021-05-11,139,133788,1852,137,502,866,347,401,736,168,164,10,349,28,26692
a326f5b4-f92b-4080-beaf-b338847238a5,2021-05-12,138,133926,1740,155,466,791,328,379,664,163,155,9,330,30,26722
7d79015c-bac2-4956-bad3-04374f9adeb0,2021-05-13,121,134047,1644,126,452,749,317,369,642,151,153,8,319,19,26741
e1b78697-703c-4745-b7f1-d2b87c111034,2021-05-14,105,134152,1556,117,421,729,289,343,622,141,138,8,290,16,26757
9881c4e4-50ce-4187-8053-2174cbf7c234,2021-05-15,65,134217,1353,87,354,650,262,309,561,127,122,8,262,14,26771
f3a262f5-82e1-40f1-8d18-cdc7f428b252,2021-05-16,65,134282,1339,81,357,645,256,306,557,124,122,7,256,12,26783
08c600be-e9d9-479c-9293-3d3046b81310,2021-05-17,103,134385,1418,96,436,648,238,297,529,111,113,6,238,19,26802
1c59b9e3-ca39-4bf3-8043-3d8e922e666d,2021-05-18,80,134465,1278,87,384,584,223,279,477,105,107,6,223,13,26815
58a3d064-7f82-44de-8720-9f6d09b634f3,2021-05-19,69,134534,1169,80,342,533,214,251,438,105,100,6,214,16,26831
fae3799d-db8a-4588-b484-0d9197406f80,2021-05-20,68,134602,1081,91,312,491,187,220,407,89,92,5,187,15,26846
f2dbe07a-cdac-4959-bd66-cca4866796ad,2021-05-21,77,134679,1030,88,298,469,175,194,396,90,76,4,176,13,26859
6c35d732-a491-4f92-8219-e3bd1caa370c,2021-05-22,35,134714,884,56,229,433,166,191,376,86,71,3,167,9,26868
0f95f5a2-5995-494e-8318-1e896da4bd44,2021-05-23,29,134743,865,64,218,425,158,189,362,83,68,3,159,11,26879
765a3ff1-271b-4fa4-984f-c85b80c1e637,2021-05-24,57,134800,897,83,263,394,157,185,319,81,66,4,158,5,26884
ea410307-699b-41ec-8975-de95b928fd00,2021-05-25,59,134859,804,77,201,390,136,164,316,67,62,4,137,8,26892
6718ddd9-83a4-4c5f-aa9e-6fcf80ed3499,2021-05-26,61,134920,776,77,213,357,129,156,296,58,64,3,130,10,26902
c5eeb6e2-1758-4ba9-92fc-5a9da8c82f2b,2021-05-27,38,134958,680,60,181,318,121,147,269,57,60,3,123,14,26916
dfe5ffae-1b88-414a-a992-a969e4e7435c,2021-05-28,40,134998,626,56,185,285,100,127,243,43,55,3,102,6,26922
8743689f-0fc9-43a3-b4a1-530ff21e8458,2021-05-29,19,135017,523,40,147,238,98,113,204,47,43,4,100,5,26927
a5a0844c-1fb1-4c1a-934a-f07b485617d3,2021-05-30,27,135044,521,46,156,227,92,113,198,45,43,4,95,4,26931
db6ee0cc-c85b-4165-ae2c-06b1b2cff6eb,2021-05-31,41,135085,559,66,179,215,99,118,183,46,46,4,102,7,26938
0608d34f-6d90-4437-8c34-08a86b58ccf0,2021-06-01,28,135113,482,51,152,196,83,98,159,33,43,3,85,5,26943
8f9e4bf9-089a-4608-a0e9-029f910d245a,2021-06-02,38,135151,446,41,152,176,77,91,141,33,40,3,80,4,26947
a95c90ad-bd7e-4dbe-bf54-3f0a4da5cfde,2021-06-03,20,135171,397,43,129,152,73,86,122,34,36,3,75,2,26949
d5461a08-515e-44d0-9d40-e652bef6bc11,2021-06-04,28,135199,370,41,127,140,62,72,114,27,30,2,64,6,26955
f8189aed-f3fd-443a-9355-aab1bf73cb11,2021-06-05,15,135214,305,27,100,126,52,60,106,25,22,1,53,2,26957
035a50b3-76db-4a9e-aae2-cc80c5020d2f,2021-06-06,12,135226,304,26,104,122,52,61,104,24,20,1,53,4,26961
8b6b5064-bea2-487a-aaf8-d361dac11910,2021-06-07,14,135240,306,32,110,119,45,58,100,22,19,1,46,3,26964
a0ca8b93-e550-444d-ad0c-36c74504f9f3,2021-06-08,23,135263,290,32,88,127,43,59,108,20,19,2,44,5,26969
e52c3d38-f9c4-4f68-b5c3-c5d950f2df86,2021-06-09,15,135278,262,24,82,117,39,56,94,19,17,3,40,2,26971
079c92a5-b76f-4411-afb5-143fcad9ed32,2021-06-10,18,135296,239,27,77,99,36,53,80,17,15,2,37,5,26976
35196d73-b588-4f31-9e50-2bae5df9cfd7,2021-06-11,10,135306,190,23,68,77,22,38,61,10,9,0,22,1,26977
8c8a11ce-5c71-40c8-9504-8e6a5a3a0d51,2021-06-12,8,135314,163,15,53,70,25,38,53,11,10,0,25,3,26980
e50c4864-0ebc-4af5-8f69-532191bff2b1,2021-06-13,5,135319,155,13,54,65,23,35,52,10,11,0,23,2,26982
96b9445d-062b-49d1-ae55-d048b01d3ecc,2021-06-14,9,135328,171,19,60,66,26,37,55,11,11,1,26,,26982
df35653d-03bf-4080-a5d0-c913ab987cd3,2021-06-15,9,135337,144,21,43,61,19,27,47,8,9,1,19,3,26985
45ff631a-3a1b-4624-9fde-1a7ee6416fc1,2021-06-16,6,135343,123,20,35,53,15,25,42,4,9,1,15,1,26986
63d6412d-78ba-40b4-aff3-6139482a4ffc,2021-06-17,24,135367,122,24,27,54,17,24,41,5,9,1,17,4,26990
c7910181-14c9-44f7-8c54-96b261047de0,2021-06-18,8,135375,114,26,28,42,18,22,31,6,11,0,18,3,26993
87a7c328-1b27-4720-9b85-b1dcad10f2ad,2021-06-19,10,135385,91,13,26,39,13,18,31,4,9,0,14,,26993
e9ff201f-0c78-465d-9fb8-f3a4f56e9bfc,2021-06-20,2,135387,89,13,26,38,12,20,32,3,9,0,13,1,26994
72ed7939-143e-4487-b4d2-ce448bc89dbe,2021-06-21,8,135395,94,18,28,35,13,18,32,3,10,0,14,,26994
31f8ce49-8470-4bf5-a902-34caf2a73d88,2021-06-22,7,135402,90,18,26,32,14,17,27,4,9,0,15,2,26996
1bcdaf44-e694-4ce7-840d-4f1950339968,2021-06-23,7,135409,87,19,21,36,11,14,27,4,7,0,12,,26996
f0032920-2fe2-4558-97e4-8b215196181c,2021-06-24,4,135413,84,21,22,28,13,16,22,4,8,1,14,2,26998
1144dc93-e00b-4a31-aac9-20eebdc31327,2021-06-25,6,135419,70,20,24,16,10,16,9,4,7,0,11,1,26999
f9422a19-f592-4f8f-bff8-6fb6b05bcfba,2021-06-26,2,135421,58,17,17,14,10,13,9,4,7,0,11,2,27001
4b40b3f6-cd3d-4c1c-9654-3ec62ebe4971,2021-06-27,2,135423,59,17,18,16,8,12,11,2,7,0,9,,27001
621a6fca-60aa-475b-84e1-8e6a8d3146aa,2021-06-28,7,135430,65,18,21,17,9,14,11,2,8,0,10,,27001
7f0af92a-cb45-4abc-bbb1-84259687d5bd,2021-06-29,2,135432,60,16,19,14,11,15,12,4,6,0,11,,27001
fab58af9-10a0-4bdf-b67b-f8e7baf4ed87,2021-06-30,10,135442,60,16,20,14,10,13,9,4,5,0,10,2,27003
9683f46f-744b-4b55-a023-ce2d174452de,2021-07-01,4,135446,50,12,13,17,8,14,11,4,4,0,8,1,27004
d96fd430-ed16-427a-9cc0-eb7572d5911d,2021-07-02,2,135448,41,14,8,13,6,7,10,2,3,0,6,1,27005
022b02ef-66e6-4f6f-a8bf-af8629a58ec6,2021-07-03,2,135450,30,8,5,12,5,6,9,2,3,0,5,,27005
a763f5fd-a396-4509-bd3d-31cb8ff76bc5,2021-07-04,3,135453,33,8,9,12,4,7,9,2,2,0,4,2,27007
68ecb88e-3e68-49f9-8ed2-260fa14a50b9,2021-07-05,2,135455,35,7,10,14,4,11,10,3,1,0,4,,27007
c8b6b297-53dc-4597-8266-087f38e68748,2021-07-06,,135455,34,8,10,12,4,11,6,3,1,0,4,,27007
4de7cde4-a918-4569-9afa-55b21c934ed6,2021-07-07,8,135463,44,12,9,20,3,12,12,2,1,0,3,1,27008
a8305d39-e1b3-49f1-a6f8-266b1c878151,2021-07-08,4,135467,41,9,12,16,4,11,7,2,2,0,4,,27008
2ef21180-9c1e-4acc-ad10-8f6fb895003a,2021-07-09,5,135472,37,8,11,14,4,8,10,2,2,0,4,,27008
6310c372-0ed0-4806-bcb3-b0bcc3f37b57,2021-07-10,3,135475,26,5,6,12,3,7,10,1,2,0,3,,27008
f284a4ac-79c9-4dae-b84f-cc19e4bd140c,2021-07-11,5,135480,26,3,6,15,2,8,12,0,2,0,2,,27008
e57b7ca5-d11a-40bb-92a4-03e3562059b9,2021-07-12,8,135488,35,3,10,19,3,9,16,1,2,0,3,,27008
7689f0f1-4b92-4e9e-b08f-8996d7634da0,2021-07-13,,135488,33,5,10,15,3,8,14,1,2,0,3,,27008
efa59cef-5157-49d2-9cce-501cb9b7594a,2021-07-14,5,135493,31,6,5,15,5,10,13,2,3,0,5,,27008
e8dbb1cc-0996-4721-b445-e3f7ebe74bfe,2021-07-15,6,135499,32,4,3,19,6,10,16,3,3,0,6,,27008
aca6f50c-3487-4452-a203-fbf68e0bab7c,2021-07-16,6,135505,35,3,6,19,7,10,13,3,3,0,7,2,27010
f6c5477e-a598-48a9-aaab-002453b1e19f,2021-07-17,4,135509,33,5,6,16,6,9,11,4,2,0,6,,27010
d574dc65-2a84-4505-bad9-a551731893f4,2021-07-18,2,135511,35,5,8,15,7,10,9,4,3,0,7,1,27011
a4dfaf31-af23-4e7f-bad7-d92305ba2aba,2021-07-19,10,135521,49,10,11,22,6,10,15,3,3,0,6,2,27013
69aa490c-8ea3-4bd1-8cf9-e54420606a22,2021-07-20,5,135526,45,5,14,20,6,6,14,3,2,0,6,,27013
13edfa6e-95eb-414f-9db7-43297f0acdcb,2021-07-21,6,135532,47,7,13,22,5,9,17,3,1,0,5,1,27014
8a7a3ff6-052b-4d56-ae9b-35491ea7e3dc,2021-07-22,6,135538,46,4,13,23,6,14,15,2,2,0,6,,27014
518fbd4b-1844-4930-b444-96f22c5f8e53,2021-07-23,5,135543,46,6,17,18,5,12,15,2,2,0,6,,27014
40272d16-3e58-41d3-90bb-99e3acfd0db5,2021-07-24,6,135549,43,5,11,23,4,9,19,3,2,0,5,,27014
94bd50f0-dfb1-4a86-a4fe-10e639066cd6,2021-07-25,8,135557,50,6,16,24,4,10,21,2,3,0,5,,27014
cd81b51b-a10d-4243-8398-05ede2125b82,2021-07-26,14,135571,62,10,20,26,6,9,21,3,3,0,7,,27014
9c63ad23-a2ae-4fa5-8e49-d9cb2e544f2e,2021-07-27,3,135574,55,8,14,26,7,10,23,3,5,0,8,,27014
21e7ce7a-1c11-42e4-be1f-e3f016a4152a,2021-07-28,7,135581,55,5,16,27,7,11,24,2,5,0,8,,27014
c0aa8be4-8de7-4bb5-a8c8-044d90bd40a7,2021-07-29,11,135592,62,5,16,32,9,14,29,5,5,0,10,,27014
b1119212-d5d7-4948-9c50-43d4f5be639a,2021-07-30,4,135596,62,5,17,29,11,16,27,7,5,1,11,,27014
0a3b433b-b499-40da-8a29-6164f7579c59,2021-07-31,5,135601,58,3,17,26,12,17,23,5,7,1,12,2,27016
b1458246-9afa-4683-9d36-1bf933fe7bf2,2021-08-01,4,135605,52,4,11,26,11,16,24,6,5,1,11,1,27017
22d2d754-6f7c-4e54-bb82-ce23de3ea813,2021-08-02,9,135614,61,9,12,27,13,15,27,5,6,1,13,1,27018
e67186e8-4cdb-4f0a-b9f3-41f9e2ce05e5,2021-08-03,3,135617,57,6,12,27,12,17,25,5,7,1,12,,27018
5cb68c37-6466-4189-b3ae-4780355392af,2021-08-04,12,135629,59,5,12,30,12,18,27,4,8,1,12,,27018
84074a69-1a00-4408-a669-8dd966335c7b,2021-08-05,3,135632,60,8,10,30,12,17,24,4,8,1,12,1,27019
ae42cea2-99a3-4db8-a4d9-056a70261f6f,2021-08-06,9,135641,60,4,15,29,12,15,23,4,8,1,12,2,27021
0e595504-503d-4634-95e0-dbd7685b69bb,2021-08-07,6,135647,59,5,15,28,11,13,24,5,6,0,11,,27021
961a65bc-af62-466e-8ca4-c642f710df09,2021-08-08,2,135649,58,6,16,22,14,16,19,7,7,0,14,,27021
9a4fa77b-446f-4229-9dd6-cb2176c1a98f,2021-08-09,7,135656,68,9,15,28,16,18,24,8,7,0,16,1,27022
9f8448b2-ca5d-43f6-9fdb-f9ff60d87136,2021-08-10,7,135663,63,7,17,22,17,18,20,8,8,0,17,,27022
48d831b0-785c-4ce1-91ea-1cb2e213574e,2021-08-11,7,135670,65,7,19,19,20,20,17,9,9,0,20,1,27023
2c89df06-0a7e-40bc-8ba6-6edf6d81b979,2021-08-12,5,135675,65,4,17,26,18,20,22,8,8,1,18,,27023
c6523414-a6fa-4fe7-8b47-8ca2c924290f,2021-08-13,6,135681,56,4,12,24,16,18,17,8,8,0,16,,27023
00bc499c-5737-492c-8991-63d2871c4a07,2021-08-14,9,135690,59,5,11,26,17,19,20,10,7,0,17,,27023
5d7525fc-a136-4336-bb11-58f95344c73e,2021-08-15,5,135695,61,6,13,25,17,16,19,10,7,0,17,2,27025
21a055d5-55e9-4b4b-9ae3-488ac1a6a01e,2021-08-16,10,135705,74,9,14,33,18,18,27,11,7,0,18,2,27027
38fb599a-9f90-49a9-86ed-5c69374e1559,2021-08-17,7,135712,74,4,22,30,18,18,25,10,6,1,18,1,27028
f7196e70-2c84-4ec1-928d-fba97883d959,2021-08-18,9,135721,78,5,22,35,16,19,29,10,6,2,16,3,27031
a2054fe4-9fd4-41b1-b34a-888b2d92f6b6,2021-08-19,10,135731,73,4,15,36,18,20,31,9,5,3,18,1,27032
0477471a-bc03-4a8c-9fe9-ce799dbd2026,2021-08-20,10,135741,72,6,17,35,14,18,26,9,5,2,14,1,27033
deead323-d243-4764-85e7-631e881aca1f,2021-08-21,6,135747,61,4,13,32,12,16,25,8,4,0,12,,27033
74da2442-5db4-4b29-b84e-a2aa427fbadb,2021-08-22,6,135753,66,4,17,33,12,17,27,7,5,0,12,,27033
a4b7f782-5a27-435e-bd55-96394ebff61b,2021-08-23,8,135761,72,8,21,31,12,19,26,8,5,0,13,,27033
888a343a-df10-45e5-a832-6cab07a9cfc0,2021-08-24,11,135772,69,6,21,31,11,16,22,8,3,0,11,1,27034
7d911ce3-de11-4727-b578-4882df351a01,2021-08-25,10,135782,73,6,22,31,14,18,22,11,3,0,14,2,27036
23f062cf-2499-4587-84e4-4b774312268e,2021-08-26,7,135789,71,6,26,27,12,16,19,10,2,0,12,,27036
7ef488f2-d2df-4279-9a11-1a36893d34a0,2021-08-27,7,135796,62,9,21,22,10,14,17,8,2,0,10,1,27037
82651bb2-78ea-44ec-906d-2835e386a268,2021-08-28,5,135801,56,6,17,23,10,13,18,7,2,0,10,2,27039
6aeb2021-e93b-4e9a-9fa1-7a3cce1b13ea,2021-08-29,3,135804,55,6,18,23,8,9,16,6,2,0,8,1,27040
9e67e0d7-0fb1-4888-b6b0-982eeeb37d59,2021-08-30,4,135808,61,8,21,23,9,10,19,6,3,0,9,,27040
4cc98315-1ba7-4ee6-8962-acef813c6eff,2021-08-31,9,135817,56,3,17,30,6,10,26,2,4,0,6,,27040
10e9bede-03c2-432a-9fee-0a966a189fe9,2021-09-01,15,135832,63,8,17,29,9,12,24,4,4,0,9,,27040
0225e7cb-73ea-4b70-b826-fde265e5c673,2021-09-02,10,135842,66,5,23,27,11,14,23,7,4,0,11,2,27042
cc7c76b8-c516-45a8-8634-3a9255f86806,2021-09-03,14,135856,64,5,26,22,11,14,18,8,3,0,11,,27042
3221f73d-f957-46fd-b160-79371d1d0bd9,2021-09-04,7,135863,61,6,21,26,8,16,23,6,2,0,8,,27042
9c23b7f7-aadf-46f6-9dcd-d7f356c7e958,2021-09-05,10,135873,69,4,24,34,7,16,28,5,2,0,7,,27042
d7788c25-1a28-4a71-bb7f-e291a88f1936,2021-09-06,17,135890,92,7,28,45,12,23,38,8,3,2,12,1,27043
41c8a253-2ade-4b72-afd0-a32145bd563a,2021-09-07,13,135903,97,4,28,49,16,26,41,12,3,2,16,2,27045
1623a33b-8757-4a22-a01a-a4b755da2997,2021-09-08,15,135918,102,4,26,57,15,24,46,10,4,1,15,1,27046
f1e568be-c6b8-4ae6-9daf-524e6b8923b1,2021-09-09,16,135934,113,8,31,59,15,22,47,11,4,1,15,,27046
226d0005-2c33-41df-8051-29387cfbb6f7,2021-09-10,13,135947,117,6,39,57,15,24,52,11,4,1,15,,27046
53b8d479-7a23-4546-b420-e71678180844,2021-09-11,12,135959,115,5,31,62,17,27,55,11,6,1,17,,27046
006e65b7-7a24-48e6-86e8-2622b81efff2,2021-09-12,17,135976,127,7,28,72,20,31,64,12,8,1,20,2,27048
9313bd8f-3ee5-48d7-8f11-bbe71d509cd2,2021-09-13,29,136005,157,10,51,74,22,35,67,11,10,1,22,,27048
58fc66c6-38bb-4115-a86b-956cf4029937,2021-09-14,25,136030,164,11,46,81,26,41,73,14,12,1,26,3,27051
7b052f23-c8e6-482a-a1eb-f656b3df4b5f,2021-09-15,17,136047,168,8,56,74,30,38,64,16,12,2,30,3,27054
12240ac5-e2ea-4e34-af3d-d66aa8aea858,2021-09-16,19,136066,166,12,50,72,32,43,62,18,14,2,32,,27054
c4b6dbc6-ebe9-4c75-85cd-6e91bac8ffbc,2021-09-17,31,136097,182,21,59,68,34,46,57,20,14,1,34,2,27056
65961ac9-bbad-4486-8ad4-55b2e4a00d9b,2021-09-18,9,136106,161,17,41,72,31,43,60,16,16,1,32,3,27059
06486c6c-27fd-470d-84dc-a7b97e80bfb4,2021-09-19,14,136120,164,18,43,75,28,40,64,13,14,1,28,2,27061
22ea9028-3d5e-4117-b76e-fdf3ef9dc5b2,2021-09-20,23,136143,185,19,59,77,30,42,65,11,16,2,30,4,27065
c656d77f-775a-4ee4-9cea-6628a9b4b099,2021-09-21,19,136162,180,23,49,80,28,40,66,11,15,2,28,2,27067
dc22a075-25df-4b9d-963f-ee5cf020c0de,2021-09-22,17,136179,182,19,52,84,27,38,64,10,15,2,27,2,27069
f23986c2-7da6-49ff-9602-0629e860e06b,2021-09-23,21,136200,183,22,54,79,28,38,64,10,17,1,28,3,27072
8fa431f3-12b8-4c0f-bec5-aa15f4e762ea,2021-09-24,27,136227,188,24,41,92,31,42,76,13,17,2,31,,27072
bd6bdaa4-487c-4fa7-9b81-f269a64bbf87,2021-09-25,20,136247,188,21,34,98,35,46,79,16,19,2,35,2,27074
f3369c0b-b741-49e9-a0d7-03f0c9ba4500,2021-09-26,16,136263,197,23,40,102,32,45,81,13,20,1,32,,27074
fb06a712-9e39-46be-bbe5-4aa5cce8a5fc,2021-09-27,34,136297,229,27,45,119,38,49,96,14,23,1,38,,27074
8315d782-354a-4105-aad7-dcfb6c42a211,2021-09-28,16,136313,226,25,50,109,42,53,96,15,27,1,42,3,27077
26135d91-4e85-4e10-bac4-b2523a08e48a,2021-09-29,36,136349,253,30,57,127,39,51,110,12,26,1,39,5,27082
1815415f-285a-4f5a-b5b9-943a1c930549,2021-09-30,32,136381,251,40,53,121,37,50,104,12,24,1,37,1,27083
cf6df834-1506-430d-b025-0ed91cedaa5e,2021-10-01,31,136412,244,33,63,118,30,45,99,6,24,1,30,1,27084
26bd4e53-bb4c-4b4e-a126-49e4abd4353a,2021-10-02,27,136439,234,14,65,119,36,44,102,10,24,2,36,1,27085
c08a2c63-b232-46a4-8d7b-659d0e077e90,2021-10-03,25,136464,247,15,65,130,37,52,107,10,24,3,37,4,27089
eb50e979-af0e-42e0-ac0e-1f8cedd794cd,2021-10-04,53,136517,302,36,72,152,42,58,122,15,26,2,42,4,27093
5ce332fc-93c1-4db9-9671-1eb23850db06,2021-10-05,40,136557,302,21,66,162,53,72,136,24,27,2,53,2,27095
90c6cffa-8552-4e0f-a9fe-7ef6d4843fcd,2021-10-06,54,136611,327,29,77,152,69,86,125,40,27,2,69,4,27099
0188bcd8-2380-4bb0-9713-0f25c32bb2fd,2021-10-07,39,136650,316,24,78,152,62,75,128,31,27,2,62,3,27102
b1c13ae4-392c-4ddf-aab5-28b655177922,2021-10-08,51,136701,344,28,91,161,64,78,132,32,28,4,64,4,27106
18eb0f91-d8b8-450a-8688-f857dde6fe29,2021-10-09,30,136731,333,25,80,170,58,77,145,27,28,3,58,3,27109
2c890744-9e3b-4e3c-bd5d-fa4c02350f1b,2021-10-10,34,136765,350,23,85,181,61,77,155,29,27,3,61,4,27113
13457099-6038-4c7b-9364-b4af4ed7447b,2021-10-11,80,136845,425,32,113,202,78,99,167,37,36,3,78,5,27118
dda5d6e0-d174-421c-a1fc-e71aecb16965,2021-10-12,62,136907,444,35,107,213,89,113,179,42,42,3,89,6,27124
4cd336ea-3495-4b1c-a29f-a317e88e05a0,2021-10-13,63,136970,470,30,122,228,90,114,190,44,42,2,90,6,27130
816687ce-e2fe-4e46-b9a5-226aa95c2340,2021-10-14,57,137027,496,30,138,231,97,116,192,48,43,2,97,6,27136
192ca80b-6edb-465c-a311-2c82134190e2,2021-10-15,82,137109,527,44,141,248,94,115,212,43,48,2,94,10,27146
7438875b-32f1-4704-b349-601125c3b258,2021-10-16,70,137179,515,26,151,249,89,112,202,37,48,2,89,8,27154
f2ff6a62-8f89-4afa-b526-5b5535cf631c,2021-10-17,52,137231,543,32,153,263,95,116,210,40,50,3,95,11,27165
33cc2163-3c16-4ae5-a4b6-e8b4bb5d9db7,2021-10-18,136,137367,665,48,210,299,108,133,248,46,54,3,108,12,27177
e19a6e57-080f-4079-acec-0cc789d511d9,2021-10-19,150,137517,733,63,232,325,113,146,274,55,54,4,113,9,27186
de6ac53a-fe4c-427e-8560-b772a25a2204,2021-10-20,117,137634,795,64,252,362,117,138,315,53,59,5,117,7,27193
f20c3014-4b37-458e-b7d9-29e8179a5e7a,2021-10-21,134,137768,851,67,260,399,125,142,350,55,64,4,125,10,27203
a8777224-038a-4c48-8c2c-a25a45b76e39,2021-10-22,160,137928,922,67,289,437,129,153,388,60,62,4,129,12,27215
5a50f8b9-7fda-48c1-8d9d-39b34201611f,2021-10-23,112,138040,929,70,266,461,132,151,407,64,62,4,133,13,27228
6dcaf5a0-7eaf-4466-9289-b1f8e692d54a,2021-10-24,110,138150,993,74,284,485,150,163,425,75,69,4,151,20,27248
c99f501e-ba37-4e69-b3a1-b26170185619,2021-10-25,218,138368,1175,105,401,498,171,171,436,72,80,5,171,20,27268
f1d440f9-2d38-49dd-b916-e0ee442596b4,2021-10-26,262,138630,1296,134,421,559,182,194,488,85,84,3,184,16,27284
1d52a6d9-bcd0-432f-a3f3-7e8f81f2bee0,2021-10-27,240,138870,1400,117,465,631,187,216,546,90,84,4,188,21,27305
1263ae8f-164a-4d93-a68b-8492204284a9,2021-10-28,170,139040,1395,99,473,631,192,210,559,97,79,4,193,26,27331
5d1e76fd-a35e-4a01-a9b9-9c3e0855c5d8,2021-10-29,270,139310,1581,146,535,700,200,234,616,103,93,4,201,25,27356
1a7886c9-f4a3-4426-a61f-ee4e68c3e446,2021-10-30,189,139499,1599,122,517,738,222,238,651,113,99,6,223,23,27379
8d4e89bd-815b-41b3-bbb0-02994ee12a24,2021-10-31,203,139702,1731,133,541,800,257,266,715,129,118,5,258,28,27407
33cda20c-9b23-49bd-a9c7-31ef9c2a8bb2,2021-11-01,413,140115,2107,185,686,946,290,310,822,145,133,8,290,30,27437
1a74b691-e5a0-4ac8-8e81-a34c1cb09fed,2021-11-02,396,140511,2298,206,724,1063,305,317,917,152,136,10,305,33,27470
ec5fed43-f723-427e-aacb-880d2b90ad78,2021-11-03,385,140896,2500,215,816,1144,325,344,983,165,145,10,325,40,27510
7f7bc588-ab21-4350-af19-59206bda8e7a,2021-11-04,385,141281,2665,207,902,1216,340,344,1043,163,162,11,340,45,27555
1ef4bd30-ce8a-4cb6-9f5c-f16c8e3b912c,2021-11-05,359,141640,2806,219,933,1273,381,383,1102,181,178,11,381,52,27607
bb87b05b-437b-4971-89cf-b8f3fe73fb87,2021-11-06,280,141920,2802,193,912,1306,391,388,1136,193,179,10,392,47,27654
c1375f7d-ea8b-479d-a345-1e0631718eca,2021-11-07,279,142199,2955,189,966,1383,417,423,1194,200,196,10,419,36,27690
4b7cf959-a0dc-4b70-be31-104d964550a3,2021-11-08,537,142736,3416,292,1183,1465,476,470,1249,233,213,12,476,46,27736
cf481c97-1cd0-4840-86c0-410d6480ac06,2021-11-09,547,143283,3622,328,1189,1594,511,486,1340,246,229,12,513,62,27798
4821e337-d0bd-4546-be9b-ec0136f5e49e,2021-11-10,468,143751,3765,380,1211,1623,551,510,1392,277,239,13,553,72,27870
12de5ad9-b8e3-4171-bde0-cc66497d3b7f,2021-11-11,494,144245,3897,397,1248,1692,560,518,1458,282,251,9,564,70,27940
911ebfab-a999-4e64-bf0a-0d20e198ad09,2021-11-12,532,144777,4060,409,1307,1759,585,526,1526,297,249,10,588,66,28006
27581f76-bf1d-48ed-95b4-7ea45361707d,2021-11-13,376,145153,3999,386,1181,1838,594,560,1618,285,269,11,596,70,28076
9f98459b-5e34-4b2e-ac76-73411f3adc25,2021-11-14,342,145495,4146,358,1255,1911,622,600,1695,294,289,10,624,61,28137
740c4bc1-27cb-4773-896b-2ea71861a96f,2021-11-15,739,146234,4805,498,1590,2040,677,642,1802,330,304,11,679,87,28224
638af5ae-bdeb-4682-963f-8d11fe18de6b,2021-11-16,664,146898,4889,491,1657,2052,689,652,1793,338,310,14,691,66,28290
dd92050b-e97e-40dc-bce6-21bf6baef6e4,2021-11-17,473,147371,4826,464,1487,2160,715,692,1913,353,323,13,717,82,28372
1683993a-83ae-4c90-8d17-73e28f052471,2021-11-18,641,148012,5200,496,1704,2254,746,717,1978,351,350,14,748,116,28488
ac5b93f3-2fca-4340-9592-5a662d40f7a1,2021-11-19,695,148707,5319,506,1761,2283,769,745,2017,363,364,15,770,109,28597
ebd0f9c4-c26a-44a1-a912-3988ef3540e9,2021-11-20,492,149199,5208,481,1576,2388,763,753,2114,364,356,14,764,92,28689
7c4fca17-363f-45f8-b7d5-1189ca37a6c4,2021-11-21,494,149693,5421,474,1666,2502,779,782,2231,365,367,16,780,108,28797
4f014970-22db-4690-827c-b5b860ca6ce7,2021-11-22,856,150549,6031,591,1978,2641,821,817,2305,385,377,17,822,106,28903
0ca5ff3b-7331-4341-9b2a-7763423e27c5,2021-11-23,752,151301,6136,591,2017,2673,855,859,2349,405,402,16,856,107,29010
3a1fc441-e821-4639-8ce8-9cb111324b14,2021-11-24,721,152022,6238,593,2025,2732,888,870,2399,439,396,16,889,91,29101
34cc83af-c372-4d82-8f06-4d0891c3b1e4,2021-11-25,716,152738,6343,570,2065,2780,928,895,2448,470,404,17,929,107,29208
ee7b3ee9-ee65-4920-b664-05858c8ce08a,2021-11-26,765,153503,6437,580,2182,2728,947,912,2375,470,432,16,948,114,29322
6e0598e2-9528-40fd-9ca7-8468746c310a,2021-11-27,529,154032,6217,541,1909,2795,972,928,2487,467,458,17,973,92,29414
b981dee0-b346-40ca-b831-7f62b6b7b17a,2021-11-28,492,154524,6418,523,1968,2917,1010,940,2616,488,474,17,1010,115,29529
9009b236-5226-453a-a57c-e3ee1c638dbe,2021-11-29,828,155352,7105,696,2338,2970,1101,985,2614,538,498,18,1101,105,29634
862bb4fd-2f9c-488b-a4fd-d173bfe40742,2021-11-30,739,156091,7028,643,2256,3012,1117,989,2662,524,515,17,1118,118,29752
0847a0e0-7806-4726-8b2f-b93057688133,2021-12-01,702,156793,6981,644,2191,3038,1108,982,2693,522,517,16,1109,134,29886
3e5a44c3-c772-4195-97d1-568f8a8d2422,2021-12-02,730,157523,7073,688,2164,3131,1090,974,2796,508,504,15,1091,122,30008
809b043a-b4e6-4d4b-bc3b-d902e6b62367,2021-12-03,654,158177,7036,651,2232,3077,1076,968,2722,505,509,21,1077,115,30123
b80cff25-d938-4d11-acda-19208237913e,2021-12-04,440,158617,6561,604,1900,3020,1037,938,2712,477,505,22,1038,104,30227
aa3644f9-d7b2-4a37-b0ec-75c0c53f96ed,2021-12-05,462,159079,6668,613,1899,3109,1047,965,2794,486,507,24,1048,101,30328
f93dcda7-0c37-4af6-83f2-e77705c1b089,2021-12-06,747,159826,7138,734,2256,3084,1064,987,2750,503,500,27,1065,118,30446
be1624f7-601e-456f-908d-44814af20654,2021-12-07,644,160470,6914,671,2196,2993,1054,994,2661,480,514,24,1055,103,30549
a5fdce52-8a07-45d3-b1aa-24b979732328,2021-12-08,625,161095,6762,607,2136,2934,1085,994,2592,513,513,25,1087,108,30657
1de31560-0f5d-49f5-a3b7-845d44b1ed50,2021-12-09,566,161661,6593,610,2012,2882,1089,1004,2546,513,522,23,1091,110,30767
75af54a0-9270-4e4c-a942-08bef6f8c299,2021-12-10,645,162306,6402,610,1898,2836,1058,975,2468,495,512,23,1060,113,30880
7ac02cf1-7c9a-45c7-af85-bfb66e8805fc,2021-12-11,380,162686,5872,484,1625,2741,1022,954,2433,486,491,26,1024,95,30975
3363e1c3-abb8-4173-aa60-6fc8159c5883,2021-12-12,339,163025,5897,459,1671,2750,1017,970,2447,472,510,31,1019,113,31088
24266b7d-dd27-46da-ac97-1fc94a403627,2021-12-13,644,163669,6383,597,2003,2755,1028,989,2417,479,512,30,1029,110,31198
762d108d-957f-409b-97ba-3b2f9879908f,2021-12-14,520,164189,6098,535,1901,2676,986,963,2340,447,498,29,987,104,31302
803dfdd9-844f-488d-b1ec-ab192d900f07,2021-12-15,483,164672,5850,490,1825,2579,956,929,2244,440,488,27,956,122,31424
9303ff4e-01a2-4f36-bbf5-68b635d3d5b8,2021-12-16,473,165145,5648,468,1781,2491,908,878,2173,423,458,25,908,96,31520
af04a5ee-1c69-4b98-b48b-e469669d6e20,2021-12-17,472,165617,5338,485,1684,2276,893,859,1977,417,452,23,893,80,31600
4b72ae13-1891-4e5b-812d-eefe6bff41fa,2021-12-18,240,165857,4818,363,1385,2187,883,802,1954,407,436,23,883,102,31702
fe7dc8cf-7a00-4496-a417-2fe5816c0589,2021-12-19,270,166127,4799,356,1405,2190,848,808,1935,392,430,22,848,67,31769
2f2f878e-a2b1-4e44-b3c3-55651addecc1,2021-12-20,437,166564,5159,533,1594,2157,875,866,1883,410,427,24,875,76,31845
fa922962-54e8-4459-b25d-8ed87f5fbcc6,2021-12-21,411,166975,4909,526,1474,2065,844,855,1817,383,430,22,845,80,31925
d2c33fd0-6b18-4b7d-9800-e0b76f68af53,2021-12-22,348,167323,4564,466,1371,1919,808,810,1694,364,410,17,809,83,32008
c3437490-3345-4c25-9db0-0af6582362f4,2021-12-23,292,167615,4114,440,1220,1690,764,765,1461,353,399,15,766,56,32064
db042ad9-470b-4faa-aa29-221f54e3e83f,2021-12-24,182,167797,3501,336,884,1546,735,697,1381,351,368,14,738,72,32136
a5718f4a-160c-4137-a3e6-def8fe7a98d1,2021-12-25,190,167987,3332,265,844,1499,724,683,1324,344,368,14,728,65,32201
3cabb1c8-db0a-43df-8c91-94ae8ed9f56f,2021-12-26,226,168213,3388,271,887,1508,722,699,1332,337,366,13,725,76,32277
81a9955b-af52-4e8e-b833-7b9d2620b1cf,2021-12-27,381,168594,3749,386,1071,1583,709,727,1396,324,360,12,713,50,32327
c678a705-73f5-494f-9aa7-791f663ecba7,2021-12-28,327,168921,3655,388,1020,1554,693,707,1365,319,342,13,696,65,32392
18074ffa-3a35-4937-b616-f0c25d965016,2021-12-29,324,169245,3473,349,966,1487,671,690,1317,302,340,11,674,70,32462
f7d9373d-98fb-4dfa-9658-d9b5566867b1,2021-12-30,259,169504,3278,292,927,1448,611,644,1275,279,316,10,615,56,32518
21f38b4f-994b-41a9-9af4-e74133e7e32b,2021-12-31,234,169738,3117,241,895,1385,596,617,1212,275,304,14,599,52,32570
085eae0a-25fd-4ddf-a0f6-b284bbf9ffae,2022-01-01,168,169906,2872,214,736,1339,583,596,1181,267,297,17,586,43,32613
2af1fc3e-ef32-44e2-98af-074115ff695d,2022-01-02,166,170072,2892,219,748,1353,572,586,1195,255,299,16,575,47,32660
d07aba5f-3d19-4a61-aa69-f1f9b6f42eac,2022-01-03,279,170351,3090,276,862,1389,563,575,1208,246,300,17,566,56,32716
28a6afdc-7a03-4aa5-95ea-fa6d72d60d1f,2022-01-04,276,170627,2996,257,842,1369,528,561,1183,224,287,16,532,53,32769
c8a2e718-312e-44e0-915c-b75526fa3d95,2022-01-05,245,170872,2852,226,794,1328,504,533,1153,225,258,17,507,38,32807
6168e251-41c2-4c5f-987f-1f36346a9b3c,2022-01-06,204,171076,2728,204,750,1271,503,536,1099,228,256,16,506,56,32863
d8f46de7-3d54-42d2-aa47-9456339dfb53,2022-01-07,190,171266,2608,203,713,1222,470,504,1037,215,235,14,472,43,32906
bc8784b4-3cc3-4ff3-b1c8-08cf4d287b7c,2022-01-08,154,171420,2375,168,622,1135,450,487,976,210,224,14,452,42,32948
587417ab-3ca8-4703-84b3-699f5eba898a,2022-01-09,113,171533,2351,183,612,1127,429,473,973,196,221,11,431,22,32970
bb098546-f4c3-4323-bce9-2bf71e631a68,2022-01-10,178,171711,2477,251,707,1081,438,491,914,197,235,12,442,40,33010
1e23d040-f5fe-42ea-86d4-2e8d8f41fa10,2022-01-11,179,171890,2312,225,630,1036,421,459,860,190,217,11,426,37,33047
460f8e6d-1ca2-401d-b4ad-25811e474b4a,2022-01-12,139,172029,2127,197,573,968,389,415,817,176,199,9,390,39,33086
f3b2d769-1ffd-42a2-b074-88e6b386d0d0,2022-01-13,150,172179,2003,182,553,895,373,386,757,166,188,10,374,30,33116
b9cf9248-371d-46bf-bc3f-66b7820c0882,2022-01-14,132,172311,1851,166,532,809,344,357,670,151,179,10,345,31,33147
5490ab21-b6e2-4708-8aec-0052f7aa3b85,2022-01-15,90,172401,1662,138,425,782,317,338,640,140,167,11,318,23,33170
fcd512d5-c132-4c32-9901-23a90e208616,2022-01-16,92,172493,1668,137,451,774,306,333,639,131,165,9,306,25,33195
e91421f9-22b0-4617-bc33-3606099988a8,2022-01-17,202,172695,1827,197,553,782,295,335,638,120,167,9,295,27,33222
96e5b79e-1ef7-4f2d-bf29-276199e64b79,2022-01-18,196,172891,1738,205,531,735,267,307,596,108,149,10,267,22,33244
bf84bf35-45bd-45f3-a86c-278a67343796,2022-01-19,207,173098,1685,201,513,720,251,295,587,101,139,8,251,26,33270
03239a45-d6ca-4535-a781-d2d78a3c3363,2022-01-20,231,173329,1661,195,531,709,226,272,571,99,121,5,226,19,33289
7e9f317b-afc0-4015-b90e-d9f98a2bc06b,2022-01-21,241,173570,1638,202,548,682,206,261,549,83,116,5,206,19,33308
4e777120-9730-4156-be2b-85e38c63a48e,2022-01-22,167,173737,1539,165,494,679,201,275,557,78,114,3,203,20,33328
f8f074a6-2937-4d8a-ab40-1872ba6e8af8,2022-01-23,200,173937,1616,167,529,726,194,270,592,79,103,3,196,17,33345
cd8ee89e-8ee9-4c90-b86a-e73560133cb2,2022-01-24,347,174284,1914,245,688,772,209,269,613,87,103,2,209,21,33366
5c3736ac-b062-4546-a5d7-1e9e9cc093b2,2022-01-25,335,174619,1946,249,715,773,209,272,602,83,105,3,209,12,33378
ae6fab14-1f81-46e6-bed2-04c30da02cc4,2022-01-26,360,174979,2037,272,779,786,199,259,617,79,102,3,199,19,33397
26bbe4de-1e7b-4492-b914-22ac0c87b8e5,2022-01-27,395,175374,2204,322,841,845,196,272,654,77,100,2,196,26,33423
3b277dee-f955-43be-a29e-440103deaa3c,2022-01-28,407,175781,2387,377,955,865,190,278,664,71,95,2,191,20,33443
13bcc809-8681-4a06-9883-97fb57041ff9,2022-01-29,265,176046,2212,321,833,867,191,276,693,75,97,2,193,26,33469
62fb4074-8461-48bd-864b-93f973464792,2022-01-30,301,176347,2380,334,895,952,199,299,763,80,96,2,200,27,33496
a5e7ae90-3abe-4f1e-a437-9b3e99d9dff9,2022-01-31,564,176911,2865,476,1142,1035,212,314,801,90,99,2,213,32,33528
aae9b474-fab2-45ee-97d2-88bc2cfe7987,2022-02-01,617,177528,3065,487,1309,1050,219,324,826,87,102,1,221,41,33569
3ebd94b8-44a1-43e2-b138-c08bbf3220f1,2022-02-02,574,178102,3222,508,1365,1129,220,333,855,99,100,1,222,38,33607
ad35c9f5-7869-4919-8207-173298847e34,2022-02-03,514,178616,3304,496,1431,1166,211,305,890,96,94,1,213,40,33647
b23efbad-aad6-436b-a7a8-08c5c023568a,2022-02-04,535,179151,3412,526,1439,1227,220,307,926,104,90,1,222,49,33696
18237569-72e8-455b-a072-40df4fc203fa,2022-02-05,351,179502,3221,463,1274,1269,215,329,972,101,93,3,217,47,33743
1bfd17d3-ed93-475f-b94a-b6a704b5a5e8,2022-02-06,321,179823,3305,484,1306,1297,218,346,1010,106,96,3,220,42,33785
f9c5eea2-082e-4d30-93c2-20a537e9b309,2022-02-07,761,180584,3914,675,1587,1417,235,356,1063,109,104,4,236,57,33842
853a2695-e227-46c8-a109-f8bd627480ee,2022-02-08,637,181221,3970,707,1591,1430,242,359,1075,120,102,5,243,49,33891
e2fa9534-6ec3-44d3-b9d7-b77ed96004ec,2022-02-09,658,181879,4030,679,1600,1500,251,383,1115,121,105,5,253,44,33935
c685fd5f-7525-4b67-bb92-2b870a68651a,2022-02-10,586,182465,4094,691,1615,1521,267,380,1122,118,112,4,268,53,33988
099aa1c6-8931-44d8-b242-dcea4a4486c8,2022-02-11,562,183027,4166,691,1708,1494,273,392,1104,126,115,4,274,58,34046
08daee9d-e1a0-403d-b9c6-0c53db567147,2022-02-12,316,183343,3839,585,1509,1485,260,375,1131,115,115,3,261,58,34104
1d498dbb-7459-4a16-bb19-10924a37267a,2022-02-13,320,183663,3868,608,1530,1467,263,377,1108,125,112,3,263,55,34159
9cc77d92-961c-4452-8922-8d22d8ec71ad,2022-02-14,683,184346,4327,781,1745,1525,276,399,1146,123,128,3,279,48,34207
dd8dbd7c-8529-4fa3-9c1f-257e700484c5,2022-02-15,567,184913,4193,720,1693,1492,288,416,1114,120,140,3,291,46,34253
a052c81f-3737-47f1-90f6-5ef19b2fea6d,2022-02-16,551,185464,4098,693,1648,1475,282,398,1102,113,140,2,286,48,34301
95b7b347-342f-49a5-b01c-0c728106600a,2022-02-17,489,185953,4024,740,1582,1435,267,380,1065,106,132,2,270,54,34355
ee5c5d60-6569-46d4-a734-57d8428e9ebe,2022-02-18,447,186400,3796,672,1508,1365,251,361,996,100,125,3,254,53,34408
f574b324-60aa-4d43-9041-67dbf096b7d2,2022-02-19,262,186662,3489,597,1316,1340,236,352,1004,93,119,3,240,49,34457
bfa4240b-bba0-4d4e-8859-9971134b345b,2022-02-20,284,186946,3533,611,1349,1339,234,365,1000,86,125,3,238,48,34505
0aef46be-cc5b-497c-903c-880dda5abadc,2022-02-21,562,187508,3914,780,1512,1380,242,382,996,97,124,3,247,55,34560
b64fb3f4-c821-4859-8a9b-9daf5f3da8ed,2022-02-22,455,187963,3675,669,1421,1339,246,366,970,99,119,2,250,53,34613
8199a9f3-6309-4ac1-b66a-b6b12d8c7f15,2022-02-23,447,188410,3489,550,1370,1312,257,375,944,104,126,2,260,36,34649
7e158541-4ddc-400f-8cdf-ef2c3a78c4b4,2022-02-24,394,188804,3436,558,1330,1297,251,371,935,98,123,2,255,55,34704
753d9ff0-8562-42c6-9eea-acebfea3d1fd,2022-02-25,346,189150,3264,547,1260,1213,244,331,871,105,107,3,247,43,34747
a8102f61-ca83-4ad3-ad86-ed92b09eba77,2022-02-26,221,189371,2911,416,1073,1188,234,319,891,99,102,2,236,42,34789
528c884b-9d71-4642-95b6-00831381f059,2022-02-27,222,189593,2940,403,1077,1219,241,329,915,96,114,1,243,43,34832
1ea8b6a9-2334-4db3-8f52-3d6209c617da,2022-02-28,431,190024,3265,543,1195,1286,241,322,936,92,107,1,243,51,34883
b2da8125-d0bb-4131-b714-8174042919d9,2022-03-01,338,190362,3028,528,1126,1156,217,310,831,85,101,3,219,34,34917
21e5cd6c-9829-4c4c-9b93-1c6a5c1a3f5f,2022-03-02,284,190646,2783,446,1054,1077,205,286,768,80,95,2,207,44,34961
fdca167d-102c-4c0b-9b19-42c2344a9fc1,2022-03-03,309,190955,2646,414,1001,1032,198,259,731,81,89,3,199,39,35000
b74fb7e1-5d50-4bdb-930c-fdcfcf1d5919,2022-03-04,311,191266,2529,379,949,1014,186,242,709,76,86,3,186,29,35029
c4359b78-45d7-4bbe-a2bf-cf1d76ec1b4c,2022-03-05,196,191462,2212,299,790,940,182,239,675,67,87,1,182,30,35059
1103001c-788a-48b9-8a27-eaa46dcc09f1,2022-03-06,203,191665,2263,317,808,962,176,239,697,69,85,1,177,35,35094
3843e95c-bd3b-4ce6-9cae-83356fbe5b3d,2022-03-07,357,192022,2573,438,971,987,177,237,706,64,88,2,178,34,35128
2e4af475-6496-471f-9bcb-334f95e95c82,2022-03-08,323,192345,2487,408,985,932,162,221,699,60,76,2,163,40,35168
87e2c464-3159-4d63-842b-7c859828970a,2022-03-09,344,192689,2417,386,972,910,149,205,672,52,75,4,150,28,35196
a092f81e-09b7-40a0-8f45-83c079d2c7b1,2022-03-10,296,192985,2348,360,965,888,135,197,643,49,67,3,136,24,35220
768fb6d9-f73c-4f53-ac9b-89c009fc9db3,2022-03-11,305,193290,2342,368,981,865,128,189,626,48,63,4,130,17,35237
b1f6528c-ae63-4a5f-9df6-1ce8edde90bf,2022-03-12,203,193493,2155,314,868,855,118,180,619,49,57,3,120,25,35262
fc02eace-1b9c-4be7-aee7-508e4abd98e5,2022-03-13,195,193688,2193,307,903,854,129,197,627,50,64,3,131,26,35288
06b50b5c-75d9-4279-b127-0c0df766d74a,2022-03-14,390,194078,2508,438,1042,895,133,200,651,54,62,3,135,36,35324
a15a31d8-ca7d-4169-9830-d6eabef4c924,2022-03-15,353,194431,2446,433,997,876,140,196,621,54,66,2,143,23,35347
19f5b57b-13c0-49ca-aa7f-15032a0ccc3c,2022-03-16,348,194779,2388,371,1012,862,143,194,629,54,67,2,146,27,35374
4734ef8c-4fc0-4fea-83a7-bd31104265bc,2022-03-17,269,195048,2326,346,997,834,148,200,617,59,71,2,150,29,35403
6217cf8c-cfe5-4358-aea3-266c769f5836,2022-03-18,303,195351,2297,352,982,827,135,189,593,52,64,2,136,18,35421
f09dacaf-1c0c-4cbe-a515-b4c23991f0d5,2022-03-19,176,195527,2061,288,839,811,123,178,576,49,62,2,123,19,35440
fd66073a-9862-4623-bde7-5ab9af22ac16,2022-03-20,183,195710,2100,283,881,804,132,191,578,57,63,2,132,19,35459
d5b0bf82-b7d4-4b33-9a58-0b7bd20948fd,2022-03-21,341,196051,2370,385,1004,843,138,215,617,58,69,2,140,37,35496
70e9e827-f883-4d41-b36e-c7bc4be6ef30,2022-03-22,305,196356,2301,367,972,831,131,203,619,52,68,1,133,17,35513
796bf3de-a98b-4c60-86a7-2be95d12a82f,2022-03-23,242,196598,2202,384,912,788,118,198,580,44,65,1,120,26,35539
a83a9936-07ef-4b51-87ed-56be5bc0b980,2022-03-24,240,196838,2101,367,853,757,124,204,550,45,63,2,125,27,35566
906ad2e9-a2eb-4995-835c-01e525260f58,2022-03-25,298,197136,2091,353,906,712,120,197,520,45,62,2,120,24,35590
b4f7bd71-409b-44f4-8ad0-222034bcc674,2022-03-26,140,197276,1819,284,731,689,115,193,513,42,58,1,116,27,35617
f6de4a35-cb53-401b-b153-a92ee7dcd173,2022-03-27,157,197433,1837,291,728,714,104,184,526,38,57,1,106,17,35634
a87a1131-6aa5-4e2e-b2d5-5ba17c48f77f,2022-03-28,351,197784,2147,391,878,764,114,197,552,41,58,1,115,28,35662
fe093f33-481c-442c-9626-9abbd3f2dd6f,2022-03-29,270,198054,2049,359,819,763,108,194,552,35,58,1,109,25,35687
abc0214f-1800-4873-bbed-456f2eb7c1ad,2022-03-30,257,198311,1938,328,772,740,98,182,546,34,47,0,99,23,35710
cb158984-84cf-4b74-9411-06820ffe345b,2022-03-31,232,198543,1865,315,740,706,104,173,504,45,42,0,105,16,35726
5f544235-aa25-4f46-9ee0-fb881245e04b,2022-04-01,214,198757,1803,314,711,674,104,169,493,36,54,0,106,11,35737
7647c560-f866-412c-9aab-909869f973f2,2022-04-02,157,198914,1645,245,645,647,108,161,491,41,55,0,111,21,35758
9fa5d0da-ed3c-4729-9ca9-865d1bff71f4,2022-04-03,115,199029,1624,242,636,641,105,164,491,41,54,0,106,15,35773
3b59c429-39e5-4ffd-978e-b6166dce7783,2022-04-04,273,199302,1866,324,756,678,108,164,495,40,55,0,109,21,35794
6bd8ed63-d5f2-46da-8b7d-0f7881294444,2022-04-05,235,199537,1833,340,726,647,120,167,475,39,61,0,120,28,35822
27a45f78-76e6-4516-9adf-ace34a7af6fd,2022-04-06,227,199764,1738,296,712,628,102,165,456,39,52,0,103,26,35848
7dc12fe5-c0db-4534-bebb-90b43348b033,2022-04-07,161,199925,1630,265,657,605,103,155,437,39,48,1,103,27,35875
f655ea6d-4de2-48f0-a9f9-2984a808ba6a,2022-04-08,171,200096,1554,270,628,559,97,145,415,40,47,1,97,17,35892
3609b6f6-7b39-4bb2-8870-6ba24f70034e,2022-04-09,116,200212,1347,187,533,545,82,126,420,30,42,1,83,17,35909
b6535685-24ab-4528-b233-5a25d779fa0e,2022-04-10,112,200324,1361,185,555,546,75,124,418,27,42,1,76,12,35921
508592ea-430f-480e-926a-46c38282b74a,2022-04-11,203,200527,1514,252,628,550,84,133,389,30,38,1,85,17,35938
3ca32116-2afa-43f0-9173-94100edef4d9,2022-04-12,193,200720,1458,265,605,510,78,128,360,27,40,1,78,8,35946
4df6a1a2-4d72-4a6c-b62b-fabd4f85a461,2022-04-13,190,200910,1368,229,583,474,82,133,327,29,36,1,82,11,35957
71c5d789-5359-4ff1-bfc8-e915cf1e918c,2022-04-14,162,201072,1280,210,550,437,83,126,299,28,38,1,83,12,35969
643c60f4-3ad9-4bee-b92b-d3f3998efc4f,2022-04-15,68,201140,1023,122,475,357,69,107,240,30,25,1,69,9,35978
aa456bbf-7f25-411a-b0cf-90c54ea73d5e,2022-04-16,68,201208,999,136,450,350,63,106,235,28,24,1,63,12,35990
e02bf165-efea-4a98-8899-19e36bed1fa6,2022-04-17,79,201287,987,137,428,360,62,107,244,30,23,1,62,8,35998
0b80d079-608a-46e1-a1a4-b699410ab2e7,2022-04-18,99,201386,1011,135,445,370,61,106,263,29,23,1,61,15,36013
3c6800a1-e3dc-4f33-a4c0-ba3bd45c62fa,2022-04-19,193,201579,1212,205,501,439,67,104,306,24,26,1,68,14,36027
11326ba1-de49-45aa-9355-e00d23db6b37,2022-04-20,136,201715,1137,185,477,414,61,99,294,20,29,1,61,17,36044
099fd898-73b7-4ac7-8f99-7bebf50f0eed,2022-04-21,136,201851,1083,181,457,389,56,98,286,20,29,1,56,13,36057
8b20b445-ac6b-4423-a910-d6194e20cc2a,2022-04-22,110,201961,987,154,423,357,53,86,257,17,27,1,53,11,36068
908e2702-daa1-4a48-8ce6-307a495d4141,2022-04-23,53,202014,853,115,370,323,45,78,228,15,26,1,45,9,36077
4fc35f8f-c2f4-44c0-ac59-e9a2301cacee,2022-04-24,52,202066,851,129,355,322,45,78,230,19,23,1,45,6,36083
a050c91b-6935-4464-af0e-dba5b93126c9,2022-04-25,136,202202,962,166,401,346,49,77,247,22,23,0,49,12,36095
7cafd267-ed32-469a-8b40-1aacce734d77,2022-04-26,126,202328,981,170,410,355,46,74,251,20,21,0,46,9,36104
a118175d-7f0e-4393-b2ce-2771c6742938,2022-04-27,84,202412,920,152,390,344,34,61,227,12,19,0,34,14,36118
e45f247e-2465-4a39-83dd-43b79bc550f0,2022-04-28,96,202508,878,160,374,311,33,54,203,8,20,0,33,12,36130
fc781eb7-95d1-487a-bc6a-cdc75268464e,2022-04-29,93,202601,795,151,334,281,29,52,171,6,18,0,30,11,36141
5e7dfd5c-b169-4a4c-8ccd-9a549e700298,2022-04-30,51,202652,671,108,281,250,32,56,153,5,20,0,33,9,36150
515f2c08-6a5a-4817-b2e4-2653fcdc3d44,2022-05-01,43,202695,645,107,260,250,28,55,155,7,18,0,29,6,36156
89f73d1e-f03d-4385-ab5b-9534f163c773,2022-05-02,86,202781,710,136,286,258,30,53,158,6,19,0,30,5,36161
d4c91630-a4d1-4a16-babc-525fbbec73bf,2022-05-03,75,202856,677,112,277,257,31,56,154,7,20,0,31,6,36167
c3f15113-de90-4d82-a41e-cf9e50438418,2022-05-04,63,202919,601,114,230,229,28,48,147,7,15,0,28,7,36174
f67d3dfc-38b2-420a-86a6-2cb276a88998,2022-05-05,62,202981,536,82,211,218,25,43,149,8,14,0,25,12,36186
0cf31ee5-ee7c-4b24-b7a3-3746bba5f85e,2022-05-06,45,203026,492,66,215,184,27,39,129,8,13,0,27,8,36194
097e7032-fb5d-4bc7-8bdb-332c227914b8,2022-05-07,24,203050,408,49,175,165,19,39,126,7,9,0,19,5,36199
5e0d17e3-5cc0-443d-be78-1effaf09bb29,2022-05-08,36,203086,409,54,178,160,17,39,125,6,9,0,17,4,36203
37ff73fd-27e9-45d1-9932-459f71b2ede4,2022-05-09,47,203133,443,83,194,148,18,41,116,8,8,0,18,3,36206
b65372ee-540f-425a-aa85-377a48ba71c2,2022-05-10,32,203165,393,70,173,134,16,39,105,9,4,0,16,3,36209
68519d56-3a97-4a48-ad07-384201412843,2022-05-11,35,203200,350,62,148,123,17,35,98,11,4,0,17,5,36214
36d1b789-8dd0-4be8-add8-3ab43debbc31,2022-05-12,24,203224,315,46,143,111,15,33,87,10,4,0,15,2,36216
296a62b3-1c2c-44a7-ab43-56c2da302326,2022-05-13,17,203241,284,52,122,96,14,26,71,10,3,0,14,2,36218
4730812e-1275-4bc7-87af-5e39a5bc6495,2022-05-14,24,203265,227,25,107,82,13,24,61,7,5,0,13,1,36219
e1f1ae84-9a0f-4ba3-a13b-4976ad5b41d1,2022-05-15,18,203283,226,21,108,87,10,24,63,5,4,0,10,1,36220
9d1e81ea-fd25-4773-bf60-527c9cf59ba4,2022-05-16,32,203315,245,32,116,87,10,23,65,5,4,0,10,,36220
0da5e3bb-d2f6-4016-a64d-8e5fdbb4487b,2022-05-17,32,203347,228,30,110,79,9,20,59,3,4,0,9,2,36222
aa3a3c59-bc44-4ae9-b6c3-af89bdd7ebb5,2022-05-18,27,203374,217,23,109,76,9,16,50,4,4,0,9,3,36225
96bac407-c9fe-4c22-92fd-d2c8d287f9b6,2022-05-19,30,203404,212,31,104,70,7,15,52,2,4,0,7,,36225
7e03502b-8136-466f-853e-688764fe79e5,2022-05-20,33,203437,209,38,92,68,11,17,50,1,6,0,11,5,36230
4d552cc1-4535-4bf7-a1fe-c2643b1f6bc3,2022-05-21,9,203446,179,25,73,70,11,17,46,2,6,0,11,1,36231
5e5a17b0-2989-4b5a-abef-e31bc0eff500,2022-05-22,12,203458,176,25,72,70,9,19,47,2,5,0,9,,36231
d95b11f0-2f9f-415a-bf75-cfb363dde97f,2022-05-23,25,203483,193,33,72,75,13,24,51,7,3,0,13,4,36235
4eebaaa8-d219-4470-852d-92a744ad3dd4,2022-05-24,14,203497,170,25,70,62,13,26,37,8,3,0,13,2,36237
9289e827-cb7c-45c4-9614-5648dc9d3254,2022-05-25,20,203517,149,21,54,63,11,22,41,5,5,0,11,1,36238
0a5eecd0-d795-473f-a18b-c2c308cdf528,2022-05-26,21,203538,150,27,51,63,9,16,44,5,2,0,9,,36238
c1907ecf-3c7e-4561-8584-a62445b0ac6b,2022-05-27,12,203550,139,18,59,51,11,18,38,7,3,0,11,1,36239
8e0bda1a-0ed5-4866-a665-9e422bab1438,2022-05-28,10,203560,115,11,41,51,12,18,37,7,4,0,12,1,36240
3b919e7a-f8e9-43fa-b337-70251cafa30d,2022-05-29,4,203564,117,15,40,51,11,18,37,6,4,0,11,,36240
d2e28289-f974-4081-8d72-bf523738f1da,2022-05-30,23,203587,128,13,53,51,11,22,37,6,4,0,11,2,36242
dbd859e8-2e9a-4cfb-a650-c5614bd08e72,2022-05-31,15,203602,130,15,50,53,12,23,41,7,4,0,12,1,36243
662164e8-937b-48fe-84ab-f1c75b3f0181,2022-06-01,10,203612,131,16,53,51,11,23,39,6,4,0,11,,36243
760c4015-52b5-4d4d-95a4-fd2285142719,2022-06-02,6,203618,108,11,45,42,10,19,35,6,4,0,10,1,36244
0153726e-30af-44f5-b051-a84d98502c79,2022-06-03,27,203645,116,10,54,43,9,18,35,7,2,0,9,1,36245
bbe61e64-b145-4efb-bd12-f8c17ddf9f5c,2022-06-04,4,203649,98,5,47,37,9,15,29,6,3,0,9,,36245
c9603a56-7df6-46c5-a4c2-a26b89a49553,2022-06-05,9,203658,99,2,54,33,10,15,28,7,3,0,10,,36245
03fd521e-c5bc-4b2e-8cfa-e526e17434de,2022-06-06,21,203679,115,2,65,38,10,15,31,6,3,0,10,1,36246
53fd8607-c715-4559-8cc3-d5a7dab485ae,2022-06-07,16,203695,110,8,60,34,8,15,25,5,2,0,8,,36246
5d7d01cb-697c-4522-9c34-a5f94ae7f8fe,2022-06-08,11,203706,106,7,57,33,9,12,22,5,2,0,9,3,36249
24fd041e-f609-4b5e-ac67-c935ef55bed9,2022-06-09,21,203727,109,8,58,36,7,11,25,4,2,0,7,,36249
a15447c5-199c-4c82-9f72-89aef1d9b0fa,2022-06-10,15,203742,110,16,58,32,4,8,24,3,1,0,4,1,36250
d0e65690-cd99-4720-a603-730610050179,2022-06-11,6,203748,97,16,48,27,6,10,21,4,1,0,6,2,36252
028cda7d-449e-49b5-91f0-0a4d56829928,2022-06-12,8,203756,96,16,48,28,4,9,23,2,1,0,4,,36252
19da2f04-13d4-42d7-815a-02516cc2b486,2022-06-13,16,203772,106,17,57,28,4,10,21,2,1,0,4,,36252
484b102b-b6b9-461c-8406-61b93df58c2c,2022-06-14,18,203790,111,23,54,30,4,9,23,3,1,0,5,,36252
f971d134-2308-4c2c-8e0a-05983b96bfab,2022-06-15,8,203798,105,22,43,36,4,8,27,2,2,0,5,,36252
980d5d3b-578b-4d88-94a7-e70902bcd14c,2022-06-16,20,203818,114,19,62,29,4,10,20,2,3,0,5,3,36255
236c806a-5082-4a59-b643-b48978dbf5b5,2022-06-17,21,203839,111,20,58,31,2,7,20,0,2,0,2,1,36256
87b46a4a-714b-40d7-a3e9-32e1c15fb740,2022-06-18,3,203842,87,15,41,30,1,5,22,0,1,0,1,,36256
05842fa2-744a-4f8f-8121-df725567a21a,2022-06-19,18,203860,101,15,48,36,2,5,26,1,1,0,2,1,36257
70b1bc5e-d592-40cd-8a5b-0cff07f088d0,2022-06-20,19,203879,118,20,53,44,1,3,34,1,0,0,1,,36257
d9bfe39e-47a1-46be-a548-1a2ed21392f9,2022-06-21,24,203903,122,20,51,48,3,6,37,3,0,0,3,1,36258
83b46198-92bd-4939-9b1a-790507b3aa12,2022-06-22,20,203923,125,19,53,49,4,7,38,4,0,0,4,,36258
68920ece-689f-497b-b51c-55bbac569f54,2022-06-23,25,203948,139,21,69,44,5,7,30,4,1,0,5,1,36259
9beb51a1-818d-4186-a04a-e63b1ce2981d,2022-06-24,21,203969,139,19,69,46,5,8,32,3,2,0,5,,36259
60cc35a2-ebef-4f5d-9a9a-8cec443f373b,2022-06-25,8,203977,115,12,47,51,5,7,36,3,2,0,5,,36259
21ffb5ef-6ccc-411e-b747-14b416f29ba8,2022-06-26,27,204004,134,14,59,55,6,7,41,6,0,0,6,,36259
af94eeef-314d-43d6-8739-e28c2af15a57,2022-06-27,51,204055,180,14,93,67,6,10,51,6,0,0,6,1,36260
66e19448-5a8d-4214-95cc-271b06af797b,2022-06-28,46,204101,195,10,109,69,7,7,53,7,0,0,7,2,36262
5f7c8069-692f-42bb-a332-d9e84123a1bb,2022-06-29,43,204144,216,14,122,72,8,11,58,5,2,0,8,,36262
39c8c76f-efca-4fb5-b613-6983fd70c4b4,2022-06-30,42,204186,220,13,130,68,9,10,57,4,3,0,9,3,36265
ccfccf69-36d0-4859-942d-8d2830a0077d,2022-07-01,42,204228,240,21,144,66,9,11,55,6,3,0,9,1,36266
aa364ed3-ade5-43ee-9299-7966e8506337,2022-07-02,32,204260,226,16,121,78,11,13,62,7,3,0,11,1,36267
bd40997e-ddaf-41d4-8363-2c5a4f036150,2022-07-03,23,204283,240,23,125,78,14,16,63,6,5,0,14,4,36271
6641e7fe-1f44-425c-ac4e-eced1031cb95,2022-07-04,65,204348,292,35,143,98,16,19,80,8,6,0,16,3,36274
55cde5a7-f404-48d3-97d7-30e3e5c7b666,2022-07-05,33,204381,266,25,131,95,15,19,80,7,5,0,15,1,36275
5c349345-e88f-48d2-8155-6db6b1566839,2022-07-06,32,204413,264,27,122,102,13,21,86,5,6,0,13,1,36276
0b6d5352-30f8-48aa-8b2f-3c5e02fba378,2022-07-07,66,204479,318,34,141,125,18,28,102,7,9,0,18,2,36278
1d384e37-148f-4f6e-a342-fded30c2de97,2022-07-08,64,204543,316,33,139,123,21,27,98,8,9,0,21,1,36279
3988b3fe-da05-45c5-8c4d-e5e732ff95cc,2022-07-09,30,204573,270,19,118,115,18,27,88,6,9,0,18,2,36281
cbf569ba-ac3a-4d2e-b0f4-ad464d01eb96,2022-07-10,33,204606,287,20,136,112,19,28,84,6,10,0,19,,36281
b6f02c19-8598-48bd-8dba-c08688a799f3,2022-07-11,89,204695,370,27,197,130,16,27,93,4,9,0,16,3,36284
e2853a90-c1d7-4d4c-b569-65b868610b7a,2022-07-12,104,204799,426,38,227,146,15,31,103,3,10,0,15,3,36287
5fcf3f8f-da24-44b4-bb9c-86884d084be7,2022-07-13,70,204869,426,39,236,135,16,29,100,5,8,0,16,,36287
673c6338-d8c6-4acc-aecf-ce783ba36760,2022-07-14,96,204965,474,46,278,136,14,31,101,3,9,1,14,3,36290
939d4ea4-6972-4784-b593-17ff44685186,2022-07-15,126,205091,529,74,270,166,19,37,127,5,7,1,19,5,36295
e6116a0f-b0e6-4ff5-9319-210df49de644,2022-07-16,61,205152,498,56,260,167,15,36,128,4,7,1,15,4,36299
d1caecd4-6ead-4867-95c7-9ed5d8049fea,2022-07-17,73,205225,542,55,291,182,14,37,141,5,5,1,14,4,36303
13e2e08a-5c75-49c6-b32e-51e05a423079,2022-07-18,136,205361,655,89,338,207,21,41,153,10,9,1,21,3,36306
dbf1d27e-5108-4988-9fb4-a21ad85ebb91,2022-07-19,125,205486,697,82,368,223,24,41,168,13,8,1,24,3,36309
2314fc52-32f0-47a5-a0ef-278cbd47d325,2022-07-20,146,205632,753,90,379,259,25,46,192,14,9,1,25,6,36315
33ccdaf0-7c8c-421a-97c6-f46a3eb69539,2022-07-21,155,205787,815,84,414,286,31,50,215,14,10,0,31,5,36320
69ae60c6-e552-448c-bc64-0b5088aa239c,2022-07-22,113,205900,820,96,421,276,27,47,207,12,11,0,27,4,36324
